-- MySQL dump 10.13  Distrib 8.0.28, for Linux (x86_64)
--
-- Host: localhost    Database: common_pjt
-- ------------------------------------------------------
-- Server version	8.0.28

/*!40101 SET @OLD_CHARACTER_SET_CLIENT=@@CHARACTER_SET_CLIENT */;
/*!40101 SET @OLD_CHARACTER_SET_RESULTS=@@CHARACTER_SET_RESULTS */;
/*!40101 SET @OLD_COLLATION_CONNECTION=@@COLLATION_CONNECTION */;
/*!50503 SET NAMES utf8mb4 */;
/*!40103 SET @OLD_TIME_ZONE=@@TIME_ZONE */;
/*!40103 SET TIME_ZONE='+00:00' */;
/*!40014 SET @OLD_UNIQUE_CHECKS=@@UNIQUE_CHECKS, UNIQUE_CHECKS=0 */;
/*!40014 SET @OLD_FOREIGN_KEY_CHECKS=@@FOREIGN_KEY_CHECKS, FOREIGN_KEY_CHECKS=0 */;
/*!40101 SET @OLD_SQL_MODE=@@SQL_MODE, SQL_MODE='NO_AUTO_VALUE_ON_ZERO' */;
/*!40111 SET @OLD_SQL_NOTES=@@SQL_NOTES, SQL_NOTES=0 */;

--
-- Table structure for table `alert`
--

DROP TABLE IF EXISTS `alert`;
/*!40101 SET @saved_cs_client     = @@character_set_client */;
/*!50503 SET character_set_client = utf8mb4 */;
CREATE TABLE `alert` (
  `alert_id` int unsigned NOT NULL AUTO_INCREMENT,
  `sender_id` int unsigned NOT NULL,
  `sender_nickname` varchar(20) NOT NULL,
  `target_id` int unsigned NOT NULL,
  `feed_id` int unsigned DEFAULT NULL,
  `comment_id` int unsigned DEFAULT NULL,
  `type` varchar(20) NOT NULL,
  `checked` tinyint(1) DEFAULT NULL,
  `alert_date` timestamp NULL DEFAULT CURRENT_TIMESTAMP,
  PRIMARY KEY (`alert_id`)
) ENGINE=InnoDB AUTO_INCREMENT=355 DEFAULT CHARSET=utf8mb4 COLLATE=utf8mb4_0900_ai_ci;
/*!40101 SET character_set_client = @saved_cs_client */;

--
-- Dumping data for table `alert`
--

LOCK TABLES `alert` WRITE;
/*!40000 ALTER TABLE `alert` DISABLE KEYS */;
INSERT INTO `alert` VALUES (2,2,'MYBOYS',3,0,0,'follow',1,'2022-02-17 14:04:53'),(3,3,'대장오리',2,0,0,'follow',1,'2022-02-17 14:05:26'),(7,4,'룰루',3,0,0,'follow',1,'2022-02-17 14:09:56'),(10,3,'대장오리',4,0,0,'follow',1,'2022-02-17 14:13:00'),(12,5,'23055',3,0,0,'follow',1,'2022-02-17 14:15:22'),(13,5,'23055',3,6,0,'feedLike',1,'2022-02-17 14:15:26'),(14,5,'23055',3,5,0,'feedLike',1,'2022-02-17 14:15:27'),(15,5,'23055',3,4,0,'feedLike',1,'2022-02-17 14:15:28'),(16,5,'23055',3,3,0,'feedLike',1,'2022-02-17 14:15:29'),(17,5,'23055',2,0,0,'follow',1,'2022-02-17 14:15:39'),(18,5,'23055',4,0,0,'follow',1,'2022-02-17 14:15:40'),(19,5,'지용마눌',5,7,0,'feedLike',1,'2022-02-17 14:16:58'),(20,5,'지용마눌',2,2,0,'feedLike',1,'2022-02-17 14:17:00'),(21,5,'지용마눌',5,8,0,'feedLike',1,'2022-02-17 14:18:10'),(22,6,'다알리아',3,6,0,'feedLike',1,'2022-02-17 14:19:55'),(23,6,'다알리아',3,0,0,'follow',1,'2022-02-17 14:19:56'),(24,6,'다알리아',2,0,0,'follow',1,'2022-02-17 14:19:58'),(25,6,'다알리아',4,0,0,'follow',1,'2022-02-17 14:19:58'),(26,6,'다알리아',5,0,0,'follow',1,'2022-02-17 14:20:00'),(30,6,'다알리아',3,5,0,'feedLike',1,'2022-02-17 14:20:13'),(31,6,'다알리아',3,4,0,'feedLike',1,'2022-02-17 14:20:14'),(32,6,'다알리아',3,3,0,'feedLike',1,'2022-02-17 14:20:15'),(34,6,'다알리아',2,2,0,'feedLike',1,'2022-02-17 14:20:21'),(35,2,'MYBOYS',6,0,0,'follow',1,'2022-02-17 14:23:13'),(36,2,'MYBOYS',4,0,0,'follow',1,'2022-02-17 14:23:14'),(37,2,'MYBOYS',5,0,0,'follow',1,'2022-02-17 14:23:15'),(38,4,'룰루',5,0,0,'follow',1,'2022-02-17 14:25:59'),(39,4,'룰루',6,0,0,'follow',1,'2022-02-17 14:25:59'),(40,4,'룰루',2,0,0,'follow',1,'2022-02-17 14:26:00'),(41,5,'지용마눌',6,0,0,'follow',1,'2022-02-17 14:26:16'),(42,5,'지용마눌',6,10,0,'feedLike',1,'2022-02-17 14:28:44'),(43,5,'지용마눌',6,9,0,'feedLike',1,'2022-02-17 14:28:45'),(44,5,'지용마눌',6,10,0,'comment',1,'2022-02-17 14:29:10'),(45,2,'MYBOYS',6,10,0,'comment',1,'2022-02-17 14:29:12'),(46,5,'지용마눌',6,9,0,'comment',1,'2022-02-17 14:29:25'),(47,2,'MYBOYS',2,10,2,'commentLike',1,'2022-02-17 14:29:27'),(48,2,'MYBOYS',5,10,1,'commentLike',1,'2022-02-17 14:29:29'),(49,5,'지용마눌',2,10,2,'commentLike',1,'2022-02-17 14:29:30'),(50,5,'지용마눌',5,10,1,'commentLike',1,'2022-02-17 14:29:47'),(51,5,'지용마눌',2,2,0,'comment',1,'2022-02-17 14:30:06'),(52,5,'지용마눌',5,2,4,'commentLike',1,'2022-02-17 14:30:08'),(53,2,'MYBOYS',2,2,0,'comment',1,'2022-02-17 14:30:27'),(54,5,'지용마눌',5,12,0,'feedLike',NULL,'2022-02-17 14:33:11'),(55,5,'지용마눌',5,13,0,'feedLike',NULL,'2022-02-17 14:33:37'),(56,8,'정한마눌',6,0,0,'follow',1,'2022-02-17 14:34:43'),(57,8,'정한마눌',2,0,0,'follow',1,'2022-02-17 14:34:44'),(58,8,'정한마눌',4,0,0,'follow',1,'2022-02-17 14:34:44'),(59,8,'정한마눌',3,0,0,'follow',1,'2022-02-17 14:34:45'),(60,8,'정한마눌',6,10,0,'feedLike',1,'2022-02-17 14:34:48'),(61,8,'정한마눌',6,9,0,'feedLike',1,'2022-02-17 14:34:49'),(62,8,'정한마눌',3,6,0,'feedLike',1,'2022-02-17 14:34:51'),(63,8,'정한마눌',3,5,0,'feedLike',1,'2022-02-17 14:34:52'),(64,8,'정한마눌',3,4,0,'feedLike',1,'2022-02-17 14:34:53'),(65,8,'정한마눌',3,3,0,'feedLike',1,'2022-02-17 14:34:58'),(67,8,'정한마눌',8,15,0,'feedLike',1,'2022-02-17 14:36:12'),(72,2,'MYBOYS',5,13,0,'feedLike',NULL,'2022-02-17 14:36:33'),(73,2,'MYBOYS',6,10,0,'feedLike',1,'2022-02-17 14:36:35'),(74,2,'MYBOYS',6,9,0,'feedLike',1,'2022-02-17 14:36:36'),(75,8,'정한마눌',8,17,0,'feedLike',1,'2022-02-17 14:36:47'),(76,8,'정한마눌',8,18,0,'feedLike',1,'2022-02-17 14:38:05'),(78,8,'정한마눌',7,0,0,'follow',1,'2022-02-17 14:38:21'),(80,8,'정한마눌',8,20,0,'feedLike',1,'2022-02-17 14:40:52'),(81,4,'룰루',8,0,0,'follow',NULL,'2022-02-17 14:43:23'),(82,8,'정한마눌',8,21,0,'feedLike',NULL,'2022-02-17 14:43:25'),(83,8,'정한마눌',7,19,0,'comment',1,'2022-02-17 14:43:34'),(84,8,'정한마눌',5,0,0,'follow',NULL,'2022-02-17 14:43:49'),(85,8,'정한마눌',3,6,0,'comment',1,'2022-02-17 14:43:59'),(86,8,'정한마눌',3,5,0,'comment',1,'2022-02-17 14:44:08'),(87,8,'정한마눌',3,4,0,'comment',1,'2022-02-17 14:44:23'),(88,8,'정한마눌',5,13,0,'comment',NULL,'2022-02-17 14:44:50'),(89,7,'91249',2,0,0,'follow',1,'2022-02-17 14:44:59'),(90,8,'정한마눌',5,12,0,'comment',NULL,'2022-02-17 14:45:00'),(92,7,'91249',3,0,0,'follow',1,'2022-02-17 14:45:08'),(95,7,'91249',5,0,0,'follow',NULL,'2022-02-17 14:45:15'),(96,7,'91249',8,0,0,'follow',NULL,'2022-02-17 14:45:22'),(97,8,'정한마눌',5,7,0,'comment',NULL,'2022-02-17 14:45:39'),(98,10,'88085',6,9,0,'feedLike',1,'2022-02-17 14:46:45'),(99,10,'LA왕주먹홍',6,0,0,'follow',1,'2022-02-17 14:47:25'),(100,10,'LA왕주먹홍',6,10,0,'feedLike',1,'2022-02-17 14:47:33'),(101,9,'수zy',4,0,0,'follow',1,'2022-02-17 14:47:46'),(102,9,'수zy',3,0,0,'follow',1,'2022-02-17 14:47:50'),(103,9,'수zy',5,0,0,'follow',NULL,'2022-02-17 14:47:50'),(104,9,'수zy',6,0,0,'follow',1,'2022-02-17 14:47:50'),(105,9,'수zy',2,0,0,'follow',1,'2022-02-17 14:47:51'),(106,9,'수zy',8,0,0,'follow',NULL,'2022-02-17 14:47:51'),(107,4,'룰루',9,0,0,'follow',1,'2022-02-17 14:48:29'),(108,10,'LA왕주먹홍',10,22,0,'feedLike',1,'2022-02-17 14:48:44'),(109,6,'다알리아',5,13,0,'feedLike',NULL,'2022-02-17 14:48:50'),(112,7,'자몽슈아',6,0,0,'follow',1,'2022-02-17 14:49:59'),(113,7,'자몽슈아',6,9,0,'feedLike',1,'2022-02-17 14:50:22'),(114,7,'자몽슈아',2,16,0,'feedLike',1,'2022-02-17 14:51:19'),(115,10,'LA왕주먹홍',10,24,0,'feedLike',1,'2022-02-17 14:52:48'),(116,10,'LA왕주먹홍',4,23,0,'feedLike',1,'2022-02-17 14:52:50'),(117,6,'다알리아',4,23,0,'feedLike',1,'2022-02-17 14:53:19'),(118,2,'MYBOYS',4,23,0,'feedLike',1,'2022-02-17 14:53:22'),(119,8,'정한마눌',4,23,0,'feedLike',1,'2022-02-17 14:53:35'),(120,5,'지용마눌',4,23,0,'feedLike',1,'2022-02-17 14:53:55'),(121,4,'룰루',4,23,0,'feedLike',1,'2022-02-17 14:53:57'),(122,9,'수zy',6,25,0,'feedLike',1,'2022-02-17 14:54:08'),(123,9,'수zy',4,23,0,'feedLike',1,'2022-02-17 14:54:12'),(124,3,'대장오리',4,23,0,'feedLike',1,'2022-02-17 14:54:15'),(125,4,'룰루',6,25,0,'feedLike',1,'2022-02-17 14:54:20'),(126,9,'수zy',8,18,0,'feedLike',NULL,'2022-02-17 14:54:38'),(127,9,'수zy',8,20,0,'feedLike',NULL,'2022-02-17 14:54:40'),(128,3,'대장오리',6,25,0,'feedLike',1,'2022-02-17 14:54:40'),(129,9,'수zy',8,17,0,'feedLike',NULL,'2022-02-17 14:54:42'),(130,9,'수zy',2,16,0,'feedLike',1,'2022-02-17 14:54:43'),(131,9,'수zy',2,16,0,'comment',1,'2022-02-17 14:55:01'),(132,9,'수zy',2,16,0,'comment',1,'2022-02-17 14:55:07'),(133,10,'LA왕주먹홍',6,26,0,'feedLike',1,'2022-02-17 14:55:28'),(134,9,'수zy',6,25,0,'comment',1,'2022-02-17 14:55:36'),(135,10,'LA왕주먹홍',6,25,0,'feedLike',1,'2022-02-17 14:55:46'),(136,4,'룰루',6,26,0,'feedLike',1,'2022-02-17 14:56:04'),(137,10,'LA왕주먹홍',2,27,0,'feedLike',1,'2022-02-17 14:56:19'),(138,10,'LA왕주먹홍',2,27,0,'comment',1,'2022-02-17 14:56:28'),(139,4,'룰루',2,27,0,'feedLike',1,'2022-02-17 14:56:29'),(140,6,'다알리아',2,27,0,'feedLike',1,'2022-02-17 14:56:35'),(141,10,'LA왕주먹홍',6,26,0,'comment',1,'2022-02-17 14:56:37'),(142,4,'룰루',2,27,0,'comment',1,'2022-02-17 14:56:41'),(143,6,'다알리아',2,27,0,'comment',1,'2022-02-17 14:56:42'),(144,10,'LA왕주먹홍',2,0,0,'follow',1,'2022-02-17 14:56:45'),(145,10,'LA왕주먹홍',3,0,0,'follow',1,'2022-02-17 14:56:47'),(146,10,'LA왕주먹홍',5,0,0,'follow',NULL,'2022-02-17 14:56:48'),(147,10,'LA왕주먹홍',4,0,0,'follow',1,'2022-02-17 14:56:48'),(148,10,'LA왕주먹홍',8,0,0,'follow',NULL,'2022-02-17 14:56:49'),(149,10,'LA왕주먹홍',7,0,0,'follow',1,'2022-02-17 14:56:49'),(150,10,'LA왕주먹홍',9,0,0,'follow',1,'2022-02-17 14:56:49'),(151,4,'룰루',6,26,0,'comment',1,'2022-02-17 14:56:58'),(152,2,'MYBOYS',10,0,0,'follow',1,'2022-02-17 14:57:45'),(153,2,'MYBOYS',8,0,0,'follow',NULL,'2022-02-17 14:57:49'),(154,2,'MYBOYS',7,0,0,'follow',1,'2022-02-17 14:57:49'),(155,2,'MYBOYS',9,0,0,'follow',1,'2022-02-17 14:57:50'),(156,10,'LA왕주먹홍',7,28,0,'feedLike',1,'2022-02-17 14:58:16'),(157,10,'LA왕주먹홍',10,30,0,'feedLike',1,'2022-02-17 14:59:46'),(158,10,'LA왕주먹홍',9,29,0,'feedLike',1,'2022-02-17 14:59:48'),(159,6,'다알리아',7,0,0,'follow',1,'2022-02-17 15:00:03'),(160,7,'자몽슈아',2,27,0,'comment',1,'2022-02-17 15:00:06'),(161,10,'LA왕주먹홍',10,31,0,'feedLike',1,'2022-02-17 15:00:45'),(162,10,'LA왕주먹홍',2,2,0,'feedLike',1,'2022-02-17 15:00:50'),(163,10,'LA왕주먹홍',3,3,0,'feedLike',1,'2022-02-17 15:00:51'),(164,10,'LA왕주먹홍',3,4,0,'feedLike',1,'2022-02-17 15:00:52'),(165,10,'LA왕주먹홍',3,5,0,'feedLike',1,'2022-02-17 15:00:53'),(166,10,'LA왕주먹홍',3,6,0,'feedLike',1,'2022-02-17 15:00:54'),(167,10,'LA왕주먹홍',5,7,0,'feedLike',NULL,'2022-02-17 15:00:55'),(168,10,'LA왕주먹홍',5,8,0,'feedLike',NULL,'2022-02-17 15:00:56'),(169,10,'LA왕주먹홍',5,12,0,'feedLike',NULL,'2022-02-17 15:01:01'),(170,10,'LA왕주먹홍',5,13,0,'feedLike',NULL,'2022-02-17 15:01:02'),(171,10,'LA왕주먹홍',2,14,0,'feedLike',1,'2022-02-17 15:01:03'),(172,10,'LA왕주먹홍',8,15,0,'feedLike',NULL,'2022-02-17 15:01:04'),(173,10,'LA왕주먹홍',2,16,0,'feedLike',1,'2022-02-17 15:01:05'),(174,10,'LA왕주먹홍',8,17,0,'feedLike',NULL,'2022-02-17 15:01:06'),(175,10,'LA왕주먹홍',8,18,0,'feedLike',NULL,'2022-02-17 15:01:07'),(176,10,'LA왕주먹홍',8,20,0,'feedLike',NULL,'2022-02-17 15:01:08'),(177,10,'LA왕주먹홍',8,21,0,'feedLike',NULL,'2022-02-17 15:01:09'),(178,7,'자몽슈아',4,0,0,'follow',1,'2022-02-17 15:06:19'),(179,7,'자몽슈아',10,0,0,'follow',NULL,'2022-02-17 15:08:34'),(180,7,'자몽슈아',9,0,0,'follow',1,'2022-02-17 15:09:50'),(181,7,'자몽슈아',2,27,0,'feedLike',1,'2022-02-17 15:13:13'),(182,10,'LA왕주먹홍',7,34,0,'feedLike',1,'2022-02-17 15:49:25'),(183,10,'LA왕주먹홍',2,35,0,'feedLike',1,'2022-02-17 15:49:26'),(184,10,'LA왕주먹홍',7,34,0,'comment',1,'2022-02-17 15:49:41'),(185,10,'LA왕주먹홍',7,33,0,'feedLike',1,'2022-02-17 15:49:46'),(186,10,'LA왕주먹홍',7,32,0,'feedLike',1,'2022-02-17 15:49:46'),(187,4,'룰루',7,0,0,'follow',1,'2022-02-17 15:50:04'),(188,4,'룰루',10,0,0,'follow',NULL,'2022-02-17 15:50:05'),(189,2,'MYBOYS',2,35,0,'feedLike',1,'2022-02-17 16:05:55'),(190,2,'MYBOYS',7,34,0,'feedLike',1,'2022-02-17 16:06:21'),(191,2,'MYBOYS',7,33,0,'feedLike',1,'2022-02-17 16:06:22'),(192,2,'MYBOYS',7,32,0,'feedLike',1,'2022-02-17 16:06:23'),(193,2,'MYBOYS',10,31,0,'feedLike',NULL,'2022-02-17 16:06:25'),(194,2,'MYBOYS',10,30,0,'feedLike',NULL,'2022-02-17 16:06:26'),(195,2,'MYBOYS',9,29,0,'feedLike',1,'2022-02-17 16:06:27'),(196,2,'MYBOYS',2,27,0,'feedLike',1,'2022-02-17 16:06:52'),(199,13,'85056',4,0,0,'follow',1,'2022-02-17 17:30:53'),(203,14,'55634',4,0,0,'follow',1,'2022-02-17 19:49:25'),(206,3,'대장오리',2,0,0,'follow',1,'2022-02-17 20:34:49'),(207,3,'대장오리',6,0,0,'follow',1,'2022-02-17 20:35:00'),(208,3,'대장오리',5,0,0,'follow',NULL,'2022-02-17 20:35:01'),(209,3,'대장오리',7,0,0,'follow',1,'2022-02-17 20:35:01'),(210,3,'대장오리',8,0,0,'follow',NULL,'2022-02-17 20:35:03'),(211,3,'대장오리',10,0,0,'follow',NULL,'2022-02-17 20:35:04'),(212,3,'대장오리',9,0,0,'follow',NULL,'2022-02-17 20:35:04'),(249,3,'대장오리',3,6,0,'feedLike',1,'2022-02-17 21:59:43'),(256,3,'대장오리',2,35,0,'feedLike',1,'2022-02-17 22:06:15'),(259,3,'대장오리',9,29,0,'feedLike',NULL,'2022-02-17 22:09:01'),(262,3,'대장오리',7,41,0,'feedLike',1,'2022-02-17 22:09:58'),(263,3,'대장오리',7,34,0,'feedLike',1,'2022-02-17 22:10:01'),(265,3,'대장오리',5,13,0,'feedLike',NULL,'2022-02-17 22:12:21'),(266,3,'대장오리',5,12,0,'feedLike',NULL,'2022-02-17 22:12:27'),(267,3,'대장오리',5,8,0,'feedLike',NULL,'2022-02-17 22:12:28'),(268,3,'대장오리',8,20,0,'feedLike',NULL,'2022-02-17 22:12:54'),(269,3,'대장오리',6,9,0,'feedLike',1,'2022-02-17 22:13:25'),(270,3,'대장오리',2,42,0,'feedLike',1,'2022-02-17 22:17:49'),(271,15,'황애옹',9,29,0,'feedLike',NULL,'2022-02-17 22:18:21'),(272,3,'대장오리',3,47,0,'feedLike',1,'2022-02-17 22:18:46'),(273,4,'룰루',2,42,0,'feedLike',1,'2022-02-17 22:23:13'),(274,4,'룰루',2,42,0,'comment',1,'2022-02-17 22:23:23'),(275,4,'룰루',10,31,0,'feedLike',NULL,'2022-02-17 22:23:39'),(276,4,'룰루',7,32,0,'feedLike',1,'2022-02-17 22:23:43'),(277,3,'대장오리',6,26,0,'feedLike',1,'2022-02-17 22:24:52'),(278,3,'대장오리',15,44,0,'feedLike',1,'2022-02-17 22:24:59'),(279,3,'대장오리',2,48,0,'feedLike',1,'2022-02-17 22:25:06'),(280,3,'대장오리',15,46,0,'feedLike',1,'2022-02-17 22:25:13'),(281,3,'대장오리',7,11,0,'feedLike',1,'2022-02-17 22:25:34'),(282,3,'대장오리',3,5,0,'comment',1,'2022-02-17 22:25:49'),(283,3,'대장오리',8,17,0,'feedLike',NULL,'2022-02-17 22:26:04'),(284,3,'대장오리',8,17,0,'comment',NULL,'2022-02-17 22:26:13'),(285,3,'대장오리',10,31,0,'feedLike',NULL,'2022-02-17 22:26:29'),(286,6,'다알리아',14,39,0,'comment',NULL,'2022-02-17 22:27:25'),(287,2,'MYBOYS',2,42,0,'feedLike',1,'2022-02-17 22:32:01'),(288,2,'MYBOYS',2,48,0,'feedLike',1,'2022-02-17 22:33:10'),(289,15,'황애옹',2,51,0,'feedLike',1,'2022-02-17 22:58:27'),(290,15,'황애옹',2,50,0,'feedLike',1,'2022-02-17 22:58:30'),(291,15,'황애옹',2,49,0,'feedLike',1,'2022-02-17 22:58:32'),(292,15,'황애옹',2,48,0,'feedLike',1,'2022-02-17 22:58:36'),(293,15,'황애옹',2,42,0,'feedLike',1,'2022-02-17 22:58:40'),(294,15,'황애옹',2,35,0,'feedLike',1,'2022-02-17 22:58:42'),(295,15,'황애옹',2,27,0,'feedLike',1,'2022-02-17 22:58:44'),(296,15,'황애옹',2,16,0,'feedLike',1,'2022-02-17 22:58:46'),(297,15,'황애옹',2,14,0,'feedLike',1,'2022-02-17 22:58:48'),(298,15,'황애옹',2,2,0,'feedLike',1,'2022-02-17 22:58:51'),(299,6,'다알리아',2,49,0,'feedLike',1,'2022-02-17 23:23:33'),(300,6,'다알리아',2,48,0,'feedLike',1,'2022-02-17 23:23:34'),(301,6,'다알리아',2,42,0,'feedLike',1,'2022-02-17 23:23:37'),(303,6,'다알리아',7,41,0,'feedLike',1,'2022-02-17 23:23:41'),(304,6,'다알리아',2,50,0,'feedLike',1,'2022-02-17 23:25:54'),(305,6,'다알리아',4,23,0,'comment',1,'2022-02-17 23:26:16'),(306,3,'대장오리',7,52,0,'feedLike',1,'2022-02-18 00:26:11'),(307,3,'대장오리',2,51,0,'feedLike',1,'2022-02-18 00:26:14'),(308,3,'대장오리',2,49,0,'feedLike',1,'2022-02-18 00:26:35'),(309,3,'대장오리',2,50,0,'feedLike',1,'2022-02-18 00:26:36'),(310,2,'MYBOYS',16,53,0,'comment',NULL,'2022-02-18 01:46:13'),(311,6,'다알리아',16,0,0,'follow',NULL,'2022-02-18 01:46:22'),(312,2,'MYBOYS',16,54,0,'comment',NULL,'2022-02-18 01:46:40'),(313,2,'MYBOYS',16,55,0,'comment',NULL,'2022-02-18 01:47:08'),(314,2,'MYBOYS',16,56,0,'comment',NULL,'2022-02-18 01:47:29'),(315,2,'MYBOYS',16,0,0,'follow',NULL,'2022-02-18 01:47:36'),(316,4,'룰루',16,56,0,'feedLike',NULL,'2022-02-18 01:48:09'),(317,4,'룰루',16,54,0,'feedLike',NULL,'2022-02-18 01:48:28'),(318,4,'룰루',16,54,0,'comment',NULL,'2022-02-18 01:48:47'),(319,4,'룰루',16,0,0,'follow',NULL,'2022-02-18 01:48:56'),(320,4,'룰루',2,53,28,'commentLike',1,'2022-02-18 01:49:17'),(321,6,'다알리아',16,55,0,'feedLike',NULL,'2022-02-18 01:51:16'),(322,6,'다알리아',16,55,0,'comment',NULL,'2022-02-18 01:51:32'),(323,6,'다알리아',16,56,0,'comment',NULL,'2022-02-18 01:52:29'),(324,6,'다알리아',2,56,31,'commentLike',1,'2022-02-18 01:52:30'),(325,6,'다알리아',16,56,0,'feedLike',NULL,'2022-02-18 01:52:32'),(326,6,'다알리아',16,54,0,'feedLike',NULL,'2022-02-18 01:52:39'),(327,6,'다알리아',16,54,0,'comment',NULL,'2022-02-18 01:52:52'),(328,6,'다알리아',2,51,0,'feedLike',1,'2022-02-18 01:53:17'),(329,6,'다알리아',2,51,0,'comment',1,'2022-02-18 01:53:36'),(331,3,'대장오리',16,55,0,'feedLike',NULL,'2022-02-18 04:05:25'),(332,3,'대장오리',16,0,0,'follow',NULL,'2022-02-18 04:05:39'),(333,3,'대장오리',16,56,0,'feedLike',NULL,'2022-02-18 04:05:44'),(334,3,'대장오리',16,54,0,'feedLike',NULL,'2022-02-18 04:05:46'),(335,3,'대장오리',16,53,0,'feedLike',NULL,'2022-02-18 04:05:48'),(336,3,'대장오리',2,16,0,'comment',1,'2022-02-18 04:06:38'),(337,6,'다알리아',4,0,0,'follow',1,'2022-02-18 05:23:47'),(338,6,'다알리아',5,0,0,'follow',NULL,'2022-02-18 06:09:57'),(341,6,'다알리아',9,0,0,'follow',NULL,'2022-02-18 06:33:09'),(342,3,'대장오리',6,59,0,'feedLike',1,'2022-02-18 09:50:40'),(343,3,'대장오리',6,59,0,'comment',1,'2022-02-18 09:50:51'),(344,3,'대장오리',6,58,0,'feedLike',1,'2022-02-18 09:50:56'),(345,3,'대장오리',6,58,0,'comment',1,'2022-02-18 09:51:22'),(346,3,'대장오리',4,57,0,'feedLike',1,'2022-02-18 09:51:33'),(347,2,'MYBOYS',4,57,0,'feedLike',1,'2022-02-18 09:54:39'),(348,2,'MYBOYS',16,53,0,'feedLike',NULL,'2022-02-18 09:54:56'),(349,4,'룰루',2,49,0,'feedLike',1,'2022-02-18 10:21:31'),(350,17,'99430',2,0,0,'follow',1,'2022-02-18 10:38:38'),(351,7,'자몽슈아',7,34,0,'comment',NULL,'2022-02-18 11:28:32'),(353,7,'자몽슈아',7,34,0,'comment',NULL,'2022-02-18 11:43:47');
/*!40000 ALTER TABLE `alert` ENABLE KEYS */;
UNLOCK TABLES;

--
-- Table structure for table `chat`
--

DROP TABLE IF EXISTS `chat`;
/*!40101 SET @saved_cs_client     = @@character_set_client */;
/*!50503 SET character_set_client = utf8mb4 */;
CREATE TABLE `chat` (
  `chat_id` int unsigned NOT NULL AUTO_INCREMENT,
  `user_id` int unsigned NOT NULL,
  `chat_title` varchar(30) NOT NULL,
  `chat_contents` varchar(50) DEFAULT NULL,
  `create_date` timestamp NULL DEFAULT CURRENT_TIMESTAMP,
  `video_url` varchar(100) DEFAULT NULL,
  PRIMARY KEY (`chat_id`)
) ENGINE=InnoDB AUTO_INCREMENT=17 DEFAULT CHARSET=utf8mb4 COLLATE=utf8mb4_0900_ai_ci;
/*!40101 SET character_set_client = @saved_cs_client */;

--
-- Dumping data for table `chat`
--

LOCK TABLES `chat` WRITE;
/*!40000 ALTER TABLE `chat` DISABLE KEYS */;
INSERT INTO `chat` VALUES (1,2,'워너원 추팔합니다.','들어오실 분? 제가 직접 찍은 영상이에욧^^','2022-02-17 05:33:50','https://www.youtube.com/embed/QCh-MXZ4dLQ'),(2,2,'고잉세븐틴 같이봐요!','오늘 고셉 하는 날!!','2022-02-17 06:52:12',''),(4,2,'NCIT HOUSE','MARK IS SPIDERMAN??!?','2022-02-17 07:03:58','https://www.youtube.com/embed/BRlXovH9Avc'),(13,3,'이번주 고잉 같이 달리실 분??','가취가욥~~~','2022-02-17 19:18:45','https://www.youtube.com/embed/BvJJrCND5w4'),(14,4,'재현 직캠 볼 사람 여기 모여라','매커위시 정재현 모르는 사람 없겠지..!','2022-02-17 19:22:35','https://www.youtube.com/embed/szvw-WOg3aU'),(15,6,'[가요대전] 우즈-주문','같이 달려요!','2022-02-17 19:25:26','https://www.youtube.com/embed/ka7ftYwF7sA'),(16,6,'[구미D202] 공통 프로젝트 UCC','열심히 찍고 편집했어요!!!\r\n잘 부탁드립니다!!!!💛','2022-02-18 02:41:54','https://www.youtube.com/embed/UMtc6v4Qpjw');
/*!40000 ALTER TABLE `chat` ENABLE KEYS */;
UNLOCK TABLES;

--
-- Table structure for table `chat_log`
--

DROP TABLE IF EXISTS `chat_log`;
/*!40101 SET @saved_cs_client     = @@character_set_client */;
/*!50503 SET character_set_client = utf8mb4 */;
CREATE TABLE `chat_log` (
  `log_id` int NOT NULL AUTO_INCREMENT,
  `chat_id` int unsigned NOT NULL,
  `user_id` int unsigned NOT NULL,
  PRIMARY KEY (`log_id`)
) ENGINE=InnoDB DEFAULT CHARSET=utf8mb4 COLLATE=utf8mb4_0900_ai_ci;
/*!40101 SET character_set_client = @saved_cs_client */;

--
-- Dumping data for table `chat_log`
--

LOCK TABLES `chat_log` WRITE;
/*!40000 ALTER TABLE `chat_log` DISABLE KEYS */;
/*!40000 ALTER TABLE `chat_log` ENABLE KEYS */;
UNLOCK TABLES;

--
-- Table structure for table `comment`
--

DROP TABLE IF EXISTS `comment`;
/*!40101 SET @saved_cs_client     = @@character_set_client */;
/*!50503 SET character_set_client = utf8mb4 */;
CREATE TABLE `comment` (
  `comment_id` int unsigned NOT NULL AUTO_INCREMENT,
  `user_id` int unsigned NOT NULL,
  `nickname` varchar(20) NOT NULL,
  `feed_id` int unsigned NOT NULL,
  `contents` varchar(300) DEFAULT NULL,
  `is_hidden` tinyint(1) DEFAULT '0',
  `create_date` timestamp NULL DEFAULT CURRENT_TIMESTAMP,
  `edit_date` timestamp NULL DEFAULT NULL,
  `comment_like_cnt` int unsigned DEFAULT '0',
  PRIMARY KEY (`comment_id`)
) ENGINE=InnoDB AUTO_INCREMENT=42 DEFAULT CHARSET=utf8mb4 COLLATE=utf8mb4_0900_ai_ci;
/*!40101 SET character_set_client = @saved_cs_client */;

--
-- Dumping data for table `comment`
--

LOCK TABLES `comment` WRITE;
/*!40000 ALTER TABLE `comment` DISABLE KEYS */;
INSERT INTO `comment` VALUES (1,5,'지용마눌',10,'헐 이거 지용이도 신은 그거아니에요..?',0,'2022-02-17 14:29:10',NULL,2),(2,2,'MYBOYS',10,'안녕하세요우!',0,'2022-02-17 14:29:12',NULL,2),(3,5,'지용마눌',9,'민규 귀엽다',0,'2022-02-17 14:29:25',NULL,0),(4,5,'지용마눌',2,'안녕하세요',1,'2022-02-17 14:30:06',NULL,1),(5,2,'MYBOYS',2,'ㅎㅎㅎ',0,'2022-02-17 14:30:27',NULL,0),(6,8,'정한마눌',19,'원우 귀엽다',0,'2022-02-17 14:43:34',NULL,0),(7,8,'정한마눌',6,'부럽네요',0,'2022-02-17 14:43:59',NULL,0),(8,8,'정한마눌',5,'헐 저 하나 주시면 안되나요?',0,'2022-02-17 14:44:08',NULL,0),(9,8,'정한마눌',4,'이사 가는 거 맞나요?ㅋ',0,'2022-02-17 14:44:23',NULL,0),(10,8,'정한마눌',13,'ㅇㅈ....',0,'2022-02-17 14:44:50',NULL,0),(11,8,'정한마눌',12,'곱네',0,'2022-02-17 14:45:00',NULL,0),(12,8,'정한마눌',7,'박스안에 넣어서... 안습하게 보관해요 빛들어오면 색바램;;',0,'2022-02-17 14:45:39',NULL,0),(13,9,'수zy',16,'재민 is 먼들...',0,'2022-02-17 14:55:01',NULL,0),(14,9,'수zy',16,'근데 흰머 웃기닼ㅋㅋㅋㅋㅋ',0,'2022-02-17 14:55:07',NULL,0),(15,9,'수zy',25,'취지 뭐야..ㅜ^ㅜ 살래여',0,'2022-02-17 14:55:36',NULL,0),(16,10,'LA왕주먹홍',27,'다리 왤케 김...',0,'2022-02-17 14:56:28',NULL,0),(17,10,'LA왕주먹홍',26,'와 대박....',0,'2022-02-17 14:56:37',NULL,0),(18,4,'룰루',27,'진짜 얼굴 다리길이 머임 ㅜ',0,'2022-02-17 14:56:41',NULL,0),(19,6,'다알리아',27,'반쪽짜리 사랑이네요 흥',0,'2022-02-17 14:56:42',NULL,0),(20,4,'룰루',26,'그렇게 웃어주면...우린 주거..',0,'2022-02-17 14:56:58',NULL,0),(21,7,'자몽슈아',27,'안돼 내꺼란 말야',0,'2022-02-17 15:00:06',NULL,0),(22,10,'LA왕주먹홍',34,'자몽슈아님 최애 슈아아니심...?',0,'2022-02-17 15:49:41',NULL,0),(23,4,'룰루',42,'ㅇㅈ.. 이때 정우는 뭐였을까...',0,'2022-02-17 22:23:23',NULL,0),(24,3,'대장오리',5,'되겠어요?',0,'2022-02-17 22:25:49',NULL,0),(25,3,'대장오리',17,'포카없으면 의미잇나요..ㅋ',0,'2022-02-17 22:26:13',NULL,0),(26,6,'다알리아',39,'테스트 지워조욧!!',0,'2022-02-17 22:27:25',NULL,0),(27,6,'다알리아',23,'이마크민형 귀엽네',0,'2022-02-17 23:26:16',NULL,0),(28,2,'MYBOYS',53,'당신을 위해 준비한 장소가 있소... 바로 청주여자교도소라는 곳이죠',0,'2022-02-18 01:46:13',NULL,1),(29,2,'MYBOYS',54,'하.. 귀찬케하네 진짜... 나 공부해야되거등? 말시키지마',0,'2022-02-18 01:46:40',NULL,0),(30,2,'MYBOYS',55,'그런 생각 해본 적 없긴 한데... 츄츄츄츄츄잉껌...',0,'2022-02-18 01:47:08',NULL,0),(31,2,'MYBOYS',56,'잡채에 고기 소고기파에요? 돼지고기파에요?',0,'2022-02-18 01:47:29',NULL,1),(32,4,'룰루',54,'뭐야,, 저 남자 뭐야...',0,'2022-02-18 01:48:47',NULL,0),(33,6,'다알리아',55,'발표해야된다고 했지',0,'2022-02-18 01:51:32',NULL,0),(34,6,'다알리아',56,'당빠 둘다',0,'2022-02-18 01:52:29',NULL,0),(35,6,'다알리아',54,'나도 좋아한다고.... 전해줄래..?',0,'2022-02-18 01:52:52',NULL,0),(36,6,'다알리아',51,'정우는 제가 사주는 밥이라면 뭐든 잘 먹는답니다^^',0,'2022-02-18 01:53:36',NULL,0),(37,3,'대장오리',16,'핑머',0,'2022-02-18 04:06:38',NULL,0),(38,3,'대장오리',59,'몰라용..',0,'2022-02-18 09:50:50',NULL,0),(39,3,'대장오리',58,'귀여워..',0,'2022-02-18 09:51:22',NULL,0);
/*!40000 ALTER TABLE `comment` ENABLE KEYS */;
UNLOCK TABLES;

--
-- Table structure for table `comment_like`
--

DROP TABLE IF EXISTS `comment_like`;
/*!40101 SET @saved_cs_client     = @@character_set_client */;
/*!50503 SET character_set_client = utf8mb4 */;
CREATE TABLE `comment_like` (
  `comment_like_id` int unsigned NOT NULL AUTO_INCREMENT,
  `user_id` int unsigned NOT NULL,
  `comment_id` int unsigned NOT NULL,
  `like_date` timestamp NULL DEFAULT CURRENT_TIMESTAMP,
  PRIMARY KEY (`comment_like_id`)
) ENGINE=InnoDB AUTO_INCREMENT=10 DEFAULT CHARSET=utf8mb4 COLLATE=utf8mb4_0900_ai_ci;
/*!40101 SET character_set_client = @saved_cs_client */;

--
-- Dumping data for table `comment_like`
--

LOCK TABLES `comment_like` WRITE;
/*!40000 ALTER TABLE `comment_like` DISABLE KEYS */;
INSERT INTO `comment_like` VALUES (1,2,2,'2022-02-17 05:29:26'),(2,2,1,'2022-02-17 05:29:28'),(3,5,2,'2022-02-17 05:29:30'),(4,5,1,'2022-02-17 05:29:47'),(5,5,4,'2022-02-17 05:30:08'),(6,4,28,'2022-02-17 16:49:16'),(7,6,31,'2022-02-17 16:52:30');
/*!40000 ALTER TABLE `comment_like` ENABLE KEYS */;
UNLOCK TABLES;

--
-- Table structure for table `feed`
--

DROP TABLE IF EXISTS `feed`;
/*!40101 SET @saved_cs_client     = @@character_set_client */;
/*!50503 SET character_set_client = utf8mb4 */;
CREATE TABLE `feed` (
  `feed_id` int unsigned NOT NULL AUTO_INCREMENT,
  `user_id` int unsigned NOT NULL,
  `title` varchar(30) NOT NULL,
  `category` varchar(10) NOT NULL,
  `contents` varchar(500) DEFAULT NULL,
  `upload_date` timestamp NULL DEFAULT CURRENT_TIMESTAMP,
  `edit_date` timestamp NULL DEFAULT NULL,
  `like_cnt` int unsigned DEFAULT '0',
  PRIMARY KEY (`feed_id`)
) ENGINE=InnoDB AUTO_INCREMENT=62 DEFAULT CHARSET=utf8mb4 COLLATE=utf8mb4_0900_ai_ci;
/*!40101 SET character_set_client = @saved_cs_client */;

--
-- Dumping data for table `feed`
--

LOCK TABLES `feed` WRITE;
/*!40000 ALTER TABLE `feed` DISABLE KEYS */;
INSERT INTO `feed` VALUES (2,2,'정프 잼프 덕친소','덕친소','정프 잼프 덕친소해요! 저랑 같이 덕질하실 분~?','2022-02-17 14:04:44',NULL,4),(3,3,'우지,원우,세븐틴 단체 우치와 팝니다','판매','에눌 안됨 ㅋ...','2022-02-17 14:07:50',NULL,5),(4,3,'민규, 정한 작치와 원우, 단체 제복치와','판매','팔아요~ 이사가야해서 팝니다~~~!!!!!!','2022-02-17 14:08:47',NULL,5),(5,3,'캐랜한다니까 생각난 캐랜팔지','굿즈','19년도인가.. 그때 캐랜임.... 역병돌기전에 추억이네요','2022-02-17 14:12:03',NULL,5),(6,3,'세븐틴 디아이콘 일본 잡지 세씨 잡지 자랑','굿즈','파는 거 아니구.... 자랑ㅇ하는 거에요~^^','2022-02-17 14:14:26',NULL,5),(7,5,'썩어문드러진 빅뱅 앨범','굿즈','노래말고 앨범이 썩었다는 겁니다...^^.....\r\n다들 앨범 보관 어떻게 하시는지..?','2022-02-17 14:16:56',NULL,3),(8,5,'권지용 잡지? 사실 분 계신가요?','판매','ㅈㄱㄴ 전구울 때 좋아요 싸게 드릴게요','2022-02-17 14:18:09',NULL,4),(9,6,'예절바른 다알리아 >< ','예절','촬영 전에 민규랑 커피 한 잔~','2022-02-17 14:19:43',NULL,7),(10,6,'스마일 타투 양말 팝니다!!','판매','이뻐용!!','2022-02-17 14:22:34',NULL,4),(11,7,'슈아','슬덕생','슈아 젠틀맨 쓔쓔','2022-02-17 14:32:46','2022-02-17 15:21:54',1),(12,5,'지용이 나보다 머릿결 좋네','슬덕생','부럽다','2022-02-17 14:33:09',NULL,3),(13,5,'지용아 나이키 신발 그만 신어라','슬덕생','신발값이 너무 올랐다\r\n너 손민수하기 힘들어','2022-02-17 14:33:35',NULL,5),(14,2,'이 둘 조합.. 나는 찬성일세','교환','반대하는 사람? \r\n탕...!\r\n없지?','2022-02-17 14:35:25','2022-02-18 02:05:12',3),(15,8,'세븐틴 키링, 원우 미니 등신대','판매','팔아요 이사때문에 팝니다\r\n쿨거래시 에눌 가능\r\n대신 겁나 쿨해야됨','2022-02-17 14:36:10',NULL,2),(16,2,'핑머? 파머? 흰머?','포카','흰머 뭔가 웃긴데?\r\n암튼 당신의 취향은?!?','2022-02-17 14:36:15','2022-02-18 02:05:36',5),(17,8,'세븐틴 일본 앨범, 아타카 1세트 팔아요','판매','대신 포카는 없음','2022-02-17 14:36:46',NULL,4),(18,8,'세븐틴 응원봉 시리즈 팝니다','판매','ㅈㄱㄴ \r\n구럿봉은 사용감 좀 잇고\r\n뉴럿봉은 새거임','2022-02-17 14:38:04',NULL,3),(19,7,'워누','슬덕생','워누늘보 애옹','2022-02-17 14:38:21','2022-02-17 15:22:10',0),(20,8,'세븐틴 언오드 앨범 1세트 팔아요','판매','포카없음 ','2022-02-17 14:40:50',NULL,4),(21,8,'고잉세븐틴 잡지 팔아요~~~','판매','ㅈㄱㄴ 새거임!!','2022-02-17 14:43:23',NULL,2),(22,10,'겸아더 추팔 ㅠ','슬덕생','ㅈㄱㄴ\r\n단차 바로 뒷잘석에서 봤는데\r\n너무 가까워서 놀랬어요 \r\n그리고 도겸이 노래 진짜 잘함\r\n내가 간 날 슈아도 보러왓는데 전 못봄 ㅠㅠ','2022-02-17 14:48:42',NULL,1),(23,4,'압로에서 마크 태용 본 썰 푼다.','슬덕생','갤러리아에서 마크랑 태용 봤지롱 팬이라고 했지렁렁\n싸인 받을 종이랑 펜 없어서 쇼핑백이랑 아이라이너로 싸인 받음~..~\n마크가 \"이걸로 싸인해도 갱차나여?\" 라고 했지 뭐에요 귀여워 이맠흐!!!!!!!!!!!!!!! 태용은 넘 착해 ㅜ^ㅜ','2022-02-17 14:52:42','2022-02-17 16:18:10',8),(24,10,'세븐틴 세미콜론 포카 호시-> 슈아','교환','교환하실분...ㅠㅠ','2022-02-17 14:52:45',NULL,1),(25,6,'스마일 목도리 자랑~','굿즈','이거 사야합니다!!!\r\n너무 예쁘다구요 !! \r\n판매금액은 저소득층 생리대 기부에 사용된다고 하니 추운겨울 승요 스마일 목도리와 함께합시다🦋💙','2022-02-17 14:54:02',NULL,5),(26,6,'계탔다','슬덕생','지하철에서 승연이 지광 보이길래 어?? 승연이다!! 하고 지광 쪽으로 가고 있는데 그앞에 진짜 승연이가 있을 줄은,,, \r\n너무 떨려서 저멀리서 얼어있다가 사진찍고 이제 가려고 하길래 용기내서 \r\n“저ㅓ,.저 무즈예요!!T.T 화이팅..!” 하니까 “고마워영~” 하면서 웃어줬어요 ㅠㅠ 행복합니다,,','2022-02-17 14:54:55',NULL,3),(27,2,'옹성우한테 반쪽하트 받은 썰 푼다 ㅋ','슬덕생','때는 바야흐로 2018 강남 페스티벌,,,\r\n성우가 내 눈을 보고 웃어준 다음 내가 내밀었던 반쪽하트를 채워줬다\r\n\r\n책임져 ','2022-02-17 14:55:58',NULL,7),(28,7,'버카프리오','슬덕생','오늘도 열일하는 버논이 미모','2022-02-17 14:57:11',NULL,2),(29,9,'추억의 워너원 응원봉 판매합니다.','판매','워너원 추팔하고 싶은 분 얼릉 사가세요~!\r\n가격 맞춰드림~','2022-02-17 14:59:39',NULL,4),(30,10,'세븐틴 비공 부채 나눔 받으실 분?','굿즈','콘서트가서 받은건데 넘 많네요...ㅠ\r\n택배비만 받고 나눔할게요\r\n대신 나눔 조건 보시고 해당 되시는 분만 나눔할게요\r\n1 스밍 꾸준히 한 캐럿\r\n2 공식 캐럿\r\n3 어떤 방법이든 세븐틴 팬임을 인증','2022-02-17 14:59:41',NULL,3),(31,10,'세븐틴 민규 박화밍 구해요 ㅠㅠ','구매','제발 저한테 팔아주세요','2022-02-17 15:00:44',NULL,4),(32,7,'시나몬 슈아 보고 가세요','슬덕생','넘 귀여워ㅓㅓㅓㅓㅓㅓㅓ','2022-02-17 15:03:37','2022-02-17 15:04:26',3),(33,7,'크흠','슬덕생','노래하는 넌 누구보다 빛나..','2022-02-17 15:07:01',NULL,3),(34,7,'앨범','앨범꾸미기','앨범가져와..','2022-02-17 15:08:02',NULL,3),(35,2,'우리 나나 윙꾸>_ㅇ','슬덕생','윙꾸 ㅇ_<','2022-02-17 15:48:31',NULL,4),(36,13,'test','앨범꾸미기','test','2022-02-17 17:31:59',NULL,0),(39,14,'test','덕친소','test','2022-02-17 19:49:50',NULL,0),(41,7,'여돌2','슬덕생','눈정화','2022-02-17 22:07:18',NULL,2),(42,2,'올림픽하니까 생각나는 아육대 정우','슬덕생','레전드죠잉!!','2022-02-17 22:14:00',NULL,5),(43,15,'워너원 콘서트 다녀온 덕질브이로그 올렸어요~','d-log','다들 보러오세요!! 유튜브 채널명은 황애옹 입니다~!','2022-02-17 22:15:57',NULL,0),(44,15,'민현이 좋아하는 사람? 나야나!','덕친소','같이 덕질할 사람 구해요~!','2022-02-17 22:17:14',NULL,1),(45,15,'덕후 필수템','슬덕생','CD플레이어!!! 너무 조아여 감성 뿜뿜~','2022-02-17 22:17:38',NULL,0),(46,15,'황페르젠 1열에서 보고 온 애옹브이로그','d-log','애옹! 보러와옹~!','2022-02-17 22:18:05','2022-02-17 22:18:11',1),(47,3,'미리 캐랜 양도 구해봅니다...','티켓','ㅈㄱㄴ.... ㅠㅠ 티켓팅 잘하시는분들... 도와주십쇼..','2022-02-17 22:18:41',NULL,1),(48,2,'이 깜찍이 누구야?','슬덕생','정우!!!!!! 젱우에요~~~','2022-02-17 22:20:33',NULL,4),(49,2,'상큼하다... 너가 나의 레몬이고 라임이다','슬덕생','라임? 에에에에에이!','2022-02-17 22:28:54',NULL,4),(50,2,'손을 맞대 Make a wish~','슬덕생','내 소원은... 비밀이얌','2022-02-17 22:30:22',NULL,3),(51,2,'먹짱 정우가 다녀온 맛집 추천 부탁드려요!!','맛집','이거라도 손민수 해볼래요~~','2022-02-17 22:33:05',NULL,3),(52,7,'여돌1','슬덕생','눈정화','2022-02-17 23:35:41',NULL,1),(53,16,'진짜 이짤','덕친소','어캄요 안끝남요\r\n진짜 섹시해서 죽어버리고싶음요\r\n아 더 말하면 잡혀갈것같음요 ','2022-02-18 01:36:32',NULL,2),(54,16,'전학생 고여주,, 럭비부 주장한테 고백받다','덕친소','야 전학생!\r\n럭비부 주장 LJ가 너 좋아한대!','2022-02-18 01:39:59',NULL,3),(55,16,'껌대신 나를 씹어주면 좋..','덕친소','겠다는 그런 생각.. 그만하까?','2022-02-18 01:40:59',NULL,2),(56,16,'CG 보다 더 CG','덕친소','CG 그 잡채, 이주연','2022-02-18 01:42:59',NULL,3),(57,4,'예절 지키ㄱㅣ','예절','막흐 보면서 예절 지키기','2022-02-18 04:37:37',NULL,2),(58,6,'하지만.. 당신은 미국인이잖아요..','교환','감동적이긴 합니다만..','2022-02-18 06:27:16',NULL,1),(59,6,'당신은 아십니까?','구매','너무 아름다운 사람을 만나면 할 말을 잊는다는 것을. \r\n당신은 아십니까?\r\n너무 아름다운 사람을 만나면 할 말을 잊는다는 것을. \r\n당신은 아십니까?\r\n너무 아름다운 사람을 만나면 할 말을 잊는다는 것을. \r\n당신은 아십니까?\r\n너무 아름다운 사람을 만나면 할 말을 잊는다는 것을. \r\n당신은 아십니까?\r\n너무 아름다운 사람을 만나면 할 말을 잊는다는 것을. \r\n당신은 아십니까?\r\n','2022-02-18 06:31:10',NULL,1);
/*!40000 ALTER TABLE `feed` ENABLE KEYS */;
UNLOCK TABLES;

--
-- Table structure for table `feed_like`
--

DROP TABLE IF EXISTS `feed_like`;
/*!40101 SET @saved_cs_client     = @@character_set_client */;
/*!50503 SET character_set_client = utf8mb4 */;
CREATE TABLE `feed_like` (
  `feed_like_id` int unsigned NOT NULL AUTO_INCREMENT,
  `user_id` int unsigned NOT NULL,
  `feed_id` int unsigned NOT NULL,
  `like_date` timestamp NULL DEFAULT CURRENT_TIMESTAMP,
  PRIMARY KEY (`feed_like_id`)
) ENGINE=InnoDB AUTO_INCREMENT=233 DEFAULT CHARSET=utf8mb4 COLLATE=utf8mb4_0900_ai_ci;
/*!40101 SET character_set_client = @saved_cs_client */;

--
-- Dumping data for table `feed_like`
--

LOCK TABLES `feed_like` WRITE;
/*!40000 ALTER TABLE `feed_like` DISABLE KEYS */;
INSERT INTO `feed_like` VALUES (1,3,1,'2022-02-17 04:59:55'),(3,3,3,'2022-02-17 05:07:52'),(4,3,4,'2022-02-17 05:08:48'),(5,3,5,'2022-02-17 05:12:04'),(8,5,6,'2022-02-17 05:15:25'),(9,5,5,'2022-02-17 05:15:26'),(10,5,4,'2022-02-17 05:15:27'),(11,5,3,'2022-02-17 05:15:28'),(12,5,7,'2022-02-17 05:16:57'),(13,5,2,'2022-02-17 05:17:00'),(14,5,8,'2022-02-17 05:18:10'),(15,6,6,'2022-02-17 05:19:54'),(18,6,7,'2022-02-17 05:20:11'),(19,6,5,'2022-02-17 05:20:12'),(20,6,4,'2022-02-17 05:20:14'),(21,6,3,'2022-02-17 05:20:15'),(23,6,2,'2022-02-17 05:20:21'),(24,5,10,'2022-02-17 05:28:43'),(25,5,9,'2022-02-17 05:28:44'),(26,5,12,'2022-02-17 05:33:10'),(27,5,13,'2022-02-17 05:33:36'),(28,8,10,'2022-02-17 05:34:48'),(29,8,9,'2022-02-17 05:34:49'),(30,8,6,'2022-02-17 05:34:50'),(31,8,5,'2022-02-17 05:34:51'),(32,8,4,'2022-02-17 05:34:52'),(33,8,3,'2022-02-17 05:34:57'),(35,8,15,'2022-02-17 05:36:11'),(38,2,16,'2022-02-17 05:36:27'),(39,2,14,'2022-02-17 05:36:28'),(40,2,13,'2022-02-17 05:36:33'),(41,2,10,'2022-02-17 05:36:34'),(42,2,9,'2022-02-17 05:36:36'),(43,8,17,'2022-02-17 05:36:47'),(44,8,18,'2022-02-17 05:38:05'),(47,8,20,'2022-02-17 05:40:52'),(48,8,21,'2022-02-17 05:43:24'),(49,8,8,'2022-02-17 05:45:07'),(52,10,9,'2022-02-17 05:46:45'),(53,10,10,'2022-02-17 05:47:33'),(54,10,22,'2022-02-17 05:48:44'),(55,6,13,'2022-02-17 05:48:49'),(58,7,9,'2022-02-17 05:50:22'),(59,7,16,'2022-02-17 05:51:18'),(60,10,24,'2022-02-17 05:52:47'),(61,10,23,'2022-02-17 05:52:50'),(62,6,23,'2022-02-17 05:53:19'),(63,2,23,'2022-02-17 05:53:22'),(64,8,23,'2022-02-17 05:53:35'),(65,5,23,'2022-02-17 05:53:54'),(66,4,23,'2022-02-17 05:53:57'),(67,9,25,'2022-02-17 05:54:08'),(68,9,23,'2022-02-17 05:54:12'),(69,3,23,'2022-02-17 05:54:15'),(70,4,25,'2022-02-17 05:54:20'),(71,9,18,'2022-02-17 05:54:37'),(72,9,20,'2022-02-17 05:54:40'),(73,3,25,'2022-02-17 05:54:40'),(74,9,17,'2022-02-17 05:54:41'),(75,9,16,'2022-02-17 05:54:43'),(76,10,26,'2022-02-17 05:55:28'),(77,10,25,'2022-02-17 05:55:46'),(78,4,26,'2022-02-17 05:56:03'),(79,10,27,'2022-02-17 05:56:18'),(80,4,27,'2022-02-17 05:56:28'),(81,6,27,'2022-02-17 05:56:34'),(82,10,28,'2022-02-17 05:58:15'),(83,10,30,'2022-02-17 05:59:46'),(84,10,29,'2022-02-17 05:59:47'),(85,10,31,'2022-02-17 06:00:45'),(86,10,2,'2022-02-17 06:00:49'),(87,10,3,'2022-02-17 06:00:50'),(88,10,4,'2022-02-17 06:00:51'),(89,10,5,'2022-02-17 06:00:52'),(90,10,6,'2022-02-17 06:00:53'),(91,10,7,'2022-02-17 06:00:55'),(92,10,8,'2022-02-17 06:00:56'),(93,10,12,'2022-02-17 06:01:00'),(94,10,13,'2022-02-17 06:01:01'),(95,10,14,'2022-02-17 06:01:02'),(96,10,15,'2022-02-17 06:01:04'),(97,10,16,'2022-02-17 06:01:04'),(98,10,17,'2022-02-17 06:01:05'),(99,10,18,'2022-02-17 06:01:07'),(100,10,20,'2022-02-17 06:01:08'),(101,10,21,'2022-02-17 06:01:09'),(102,7,27,'2022-02-17 06:13:12'),(103,10,34,'2022-02-17 06:49:24'),(104,10,35,'2022-02-17 06:49:25'),(105,10,33,'2022-02-17 06:49:45'),(106,10,32,'2022-02-17 06:49:46'),(107,2,35,'2022-02-17 07:05:54'),(108,2,34,'2022-02-17 07:06:20'),(109,2,33,'2022-02-17 07:06:21'),(110,2,32,'2022-02-17 07:06:22'),(111,2,31,'2022-02-17 07:06:24'),(112,2,30,'2022-02-17 07:06:25'),(113,2,29,'2022-02-17 07:06:27'),(114,2,27,'2022-02-17 07:06:52'),(116,3,27,'2022-02-17 07:21:06'),(119,3,37,'2022-02-17 10:49:15'),(120,3,38,'2022-02-17 10:49:54'),(158,3,6,'2022-02-17 12:59:43'),(163,3,33,'2022-02-17 13:04:04'),(165,3,35,'2022-02-17 13:06:15'),(166,3,30,'2022-02-17 13:06:38'),(167,3,28,'2022-02-17 13:06:44'),(168,3,29,'2022-02-17 13:09:01'),(170,3,40,'2022-02-17 13:09:51'),(171,3,41,'2022-02-17 13:09:57'),(172,3,34,'2022-02-17 13:10:00'),(174,3,13,'2022-02-17 13:12:21'),(175,3,12,'2022-02-17 13:12:27'),(176,3,8,'2022-02-17 13:12:28'),(177,3,20,'2022-02-17 13:12:53'),(178,3,9,'2022-02-17 13:13:24'),(179,3,42,'2022-02-17 13:17:48'),(180,15,29,'2022-02-17 13:18:21'),(181,3,47,'2022-02-17 13:18:46'),(182,4,42,'2022-02-17 13:23:12'),(183,4,31,'2022-02-17 13:23:38'),(184,4,32,'2022-02-17 13:23:43'),(185,3,26,'2022-02-17 13:24:51'),(186,3,44,'2022-02-17 13:24:58'),(187,3,48,'2022-02-17 13:25:06'),(188,3,46,'2022-02-17 13:25:12'),(189,3,11,'2022-02-17 13:25:33'),(190,3,17,'2022-02-17 13:26:04'),(191,3,31,'2022-02-17 13:26:28'),(192,2,42,'2022-02-17 13:32:01'),(193,2,48,'2022-02-17 13:33:10'),(194,15,51,'2022-02-17 13:58:27'),(195,15,50,'2022-02-17 13:58:29'),(196,15,49,'2022-02-17 13:58:31'),(197,15,48,'2022-02-17 13:58:36'),(198,15,42,'2022-02-17 13:58:39'),(199,15,35,'2022-02-17 13:58:41'),(200,15,27,'2022-02-17 13:58:43'),(201,15,16,'2022-02-17 13:58:46'),(202,15,14,'2022-02-17 13:58:48'),(203,15,2,'2022-02-17 13:58:50'),(204,6,49,'2022-02-17 14:23:33'),(205,6,48,'2022-02-17 14:23:34'),(206,6,42,'2022-02-17 14:23:36'),(208,6,41,'2022-02-17 14:23:41'),(209,6,50,'2022-02-17 14:25:53'),(210,3,52,'2022-02-17 15:26:10'),(211,3,51,'2022-02-17 15:26:13'),(212,3,49,'2022-02-17 15:26:34'),(213,3,50,'2022-02-17 15:26:35'),(214,4,56,'2022-02-17 16:48:08'),(215,4,54,'2022-02-17 16:48:27'),(216,6,55,'2022-02-17 16:51:15'),(217,6,56,'2022-02-17 16:52:31'),(218,6,54,'2022-02-17 16:52:39'),(219,6,51,'2022-02-17 16:53:17'),(220,6,9,'2022-02-17 16:55:39'),(221,3,55,'2022-02-17 19:05:24'),(222,3,56,'2022-02-17 19:05:43'),(223,3,54,'2022-02-17 19:05:45'),(224,3,53,'2022-02-17 19:05:47'),(225,6,25,'2022-02-17 21:11:26'),(227,3,59,'2022-02-18 00:50:39'),(228,3,58,'2022-02-18 00:50:56'),(229,3,57,'2022-02-18 00:51:32'),(230,2,57,'2022-02-18 00:54:39'),(231,2,53,'2022-02-18 00:54:55'),(232,4,49,'2022-02-18 01:21:31');
/*!40000 ALTER TABLE `feed_like` ENABLE KEYS */;
UNLOCK TABLES;

--
-- Table structure for table `file_chat`
--

DROP TABLE IF EXISTS `file_chat`;
/*!40101 SET @saved_cs_client     = @@character_set_client */;
/*!50503 SET character_set_client = utf8mb4 */;
CREATE TABLE `file_chat` (
  `file_id` int unsigned NOT NULL AUTO_INCREMENT,
  `chat_id` int unsigned NOT NULL,
  `file_url` varchar(100) DEFAULT NULL,
  `file_name` varchar(50) DEFAULT NULL,
  PRIMARY KEY (`file_id`),
  KEY `file_chat_chat_id_fk_idx` (`chat_id`),
  CONSTRAINT `file_chat_chat_id_fk` FOREIGN KEY (`chat_id`) REFERENCES `chat` (`chat_id`)
) ENGINE=InnoDB AUTO_INCREMENT=29 DEFAULT CHARSET=utf8mb4 COLLATE=utf8mb4_0900_ai_ci;
/*!40101 SET character_set_client = @saved_cs_client */;

--
-- Dumping data for table `file_chat`
--

LOCK TABLES `file_chat` WRITE;
/*!40000 ALTER TABLE `file_chat` DISABLE KEYS */;
INSERT INTO `file_chat` VALUES (14,1,'https://duckchinso.s3.ap-northeast-2.amazonaws.com/2e45aef186b94e39ab88d5dc576ec822.jpg','2e45aef186b94e39ab88d5dc576ec822.jpg'),(15,2,'https://duckchinso.s3.ap-northeast-2.amazonaws.com/252f7ad9a45540acaf421524db078299.jpg','252f7ad9a45540acaf421524db078299.jpg'),(17,4,'https://duckchinso.s3.ap-northeast-2.amazonaws.com/898bac7583814775b0960548002c7b2d.jpg','898bac7583814775b0960548002c7b2d.jpg'),(25,13,'https://duckchinso.s3.ap-northeast-2.amazonaws.com/c4a8f104a48c489280b23077944120e6.jfif','c4a8f104a48c489280b23077944120e6.jfif'),(26,14,'https://duckchinso.s3.ap-northeast-2.amazonaws.com/7b9270e89b5e406f9ef058e0c3080287.jfif','7b9270e89b5e406f9ef058e0c3080287.jfif'),(27,15,'https://duckchinso.s3.ap-northeast-2.amazonaws.com/e68acfac47394e67926296e8bd03545b.JPG','e68acfac47394e67926296e8bd03545b.JPG'),(28,16,'https://duckchinso.s3.ap-northeast-2.amazonaws.com/5c39f40331354add92391f55a07c5126.png','5c39f40331354add92391f55a07c5126.png');
/*!40000 ALTER TABLE `file_chat` ENABLE KEYS */;
UNLOCK TABLES;

--
-- Table structure for table `file_info`
--

DROP TABLE IF EXISTS `file_info`;
/*!40101 SET @saved_cs_client     = @@character_set_client */;
/*!50503 SET character_set_client = utf8mb4 */;
CREATE TABLE `file_info` (
  `file_id` int unsigned NOT NULL AUTO_INCREMENT,
  `feed_id` int unsigned NOT NULL,
  `file_url` varchar(100) DEFAULT NULL,
  `file_name` varchar(50) DEFAULT NULL,
  PRIMARY KEY (`file_id`),
  KEY `file_info_feed_id_fk_idx` (`feed_id`),
  CONSTRAINT `file_info_feed_id_fk` FOREIGN KEY (`feed_id`) REFERENCES `feed` (`feed_id`)
) ENGINE=InnoDB AUTO_INCREMENT=145 DEFAULT CHARSET=utf8mb4 COLLATE=utf8mb4_0900_ai_ci;
/*!40101 SET character_set_client = @saved_cs_client */;

--
-- Dumping data for table `file_info`
--

LOCK TABLES `file_info` WRITE;
/*!40000 ALTER TABLE `file_info` DISABLE KEYS */;
INSERT INTO `file_info` VALUES (5,2,'https://duckchinso.s3.ap-northeast-2.amazonaws.com/9cbfe138be99421f8235c48c9e5bc7eb.gif','9cbfe138be99421f8235c48c9e5bc7eb.gif'),(6,3,'https://duckchinso.s3.ap-northeast-2.amazonaws.com/0fd5eb0ba20249878cdd81407a73b599.jpg','0fd5eb0ba20249878cdd81407a73b599.jpg'),(7,3,'https://duckchinso.s3.ap-northeast-2.amazonaws.com/74449b718e52494e81804c21970198a7.jpg','74449b718e52494e81804c21970198a7.jpg'),(8,3,'https://duckchinso.s3.ap-northeast-2.amazonaws.com/9e4f179d79d444ecb3647a6ad98aae44.jpg','9e4f179d79d444ecb3647a6ad98aae44.jpg'),(9,4,'https://duckchinso.s3.ap-northeast-2.amazonaws.com/3b6d6093270d4b68a8ba7c9cf0f250e2.jpg','3b6d6093270d4b68a8ba7c9cf0f250e2.jpg'),(10,4,'https://duckchinso.s3.ap-northeast-2.amazonaws.com/e70bfaf325ba49e2afcef426d502cc46.jpg','e70bfaf325ba49e2afcef426d502cc46.jpg'),(11,4,'https://duckchinso.s3.ap-northeast-2.amazonaws.com/8e89f6b36c3d45e495fabcecd15eaf8d.jpg','8e89f6b36c3d45e495fabcecd15eaf8d.jpg'),(12,4,'https://duckchinso.s3.ap-northeast-2.amazonaws.com/5118721c488e42f593eba2a0dc001096.jpg','5118721c488e42f593eba2a0dc001096.jpg'),(13,5,'https://duckchinso.s3.ap-northeast-2.amazonaws.com/c8169a710ca2477f9a5af7c74e5adc5a.jpg','c8169a710ca2477f9a5af7c74e5adc5a.jpg'),(14,6,'https://duckchinso.s3.ap-northeast-2.amazonaws.com/1e00373d98f44c5b9d1863772cccf222.jpg','1e00373d98f44c5b9d1863772cccf222.jpg'),(15,6,'https://duckchinso.s3.ap-northeast-2.amazonaws.com/fdcd350bc5284d17ae4e26cfd307ebd2.jpg','fdcd350bc5284d17ae4e26cfd307ebd2.jpg'),(16,6,'https://duckchinso.s3.ap-northeast-2.amazonaws.com/7b5c41dc501146ea87e69731f22e050f.jpg','7b5c41dc501146ea87e69731f22e050f.jpg'),(17,7,'https://duckchinso.s3.ap-northeast-2.amazonaws.com/d00963687a2a4ac395a7e5a4b21c442a.jpg','d00963687a2a4ac395a7e5a4b21c442a.jpg'),(18,7,'https://duckchinso.s3.ap-northeast-2.amazonaws.com/d2c7e0226ec04833905a992efd217978.jpg','d2c7e0226ec04833905a992efd217978.jpg'),(19,8,'https://duckchinso.s3.ap-northeast-2.amazonaws.com/e676343d046c419d845b6289f1c2b5ee.jpg','e676343d046c419d845b6289f1c2b5ee.jpg'),(20,9,'https://duckchinso.s3.ap-northeast-2.amazonaws.com/2cc6f713955b44ada6b3a3651c41c6c9.jpg','2cc6f713955b44ada6b3a3651c41c6c9.jpg'),(21,10,'https://duckchinso.s3.ap-northeast-2.amazonaws.com/7211eee33b8343518376adc2336dead7.png','7211eee33b8343518376adc2336dead7.png'),(22,10,'https://duckchinso.s3.ap-northeast-2.amazonaws.com/90b5faab003643a3ad2ccfb7f47b9135.png','90b5faab003643a3ad2ccfb7f47b9135.png'),(23,10,'https://duckchinso.s3.ap-northeast-2.amazonaws.com/a9e1b97b207f440bbeff73edfb17e924.png','a9e1b97b207f440bbeff73edfb17e924.png'),(24,11,'https://duckchinso.s3.ap-northeast-2.amazonaws.com/3a81980fc30e4543a71c6e26f828e07f.jpg','3a81980fc30e4543a71c6e26f828e07f.jpg'),(25,11,'https://duckchinso.s3.ap-northeast-2.amazonaws.com/368f20715f7b4c27923e2736d5fea86b.jpg','368f20715f7b4c27923e2736d5fea86b.jpg'),(26,11,'https://duckchinso.s3.ap-northeast-2.amazonaws.com/bd6e14295bb443798b12566cf6ea13ae.jpg','bd6e14295bb443798b12566cf6ea13ae.jpg'),(27,11,'https://duckchinso.s3.ap-northeast-2.amazonaws.com/289ba6bb671144b3b0d979e6d61d6d06.jpg','289ba6bb671144b3b0d979e6d61d6d06.jpg'),(28,11,'https://duckchinso.s3.ap-northeast-2.amazonaws.com/81fe48fe31eb4b48a0204998d76e1ab0.jpg','81fe48fe31eb4b48a0204998d76e1ab0.jpg'),(29,11,'https://duckchinso.s3.ap-northeast-2.amazonaws.com/4d0e4a54cfa84c38975c03b314e05c4b.jpg','4d0e4a54cfa84c38975c03b314e05c4b.jpg'),(30,12,'https://duckchinso.s3.ap-northeast-2.amazonaws.com/24b01fe7bc0a46efa9d3970698979495.jpg','24b01fe7bc0a46efa9d3970698979495.jpg'),(31,13,'https://duckchinso.s3.ap-northeast-2.amazonaws.com/7de676ae37974e39ae3b7b88965bcd8f.jpg','7de676ae37974e39ae3b7b88965bcd8f.jpg'),(32,14,'https://duckchinso.s3.ap-northeast-2.amazonaws.com/a343e9558afe4cae9f0d0f2f0a1b235f.jpeg','a343e9558afe4cae9f0d0f2f0a1b235f.jpeg'),(33,15,'https://duckchinso.s3.ap-northeast-2.amazonaws.com/9d5c427e618245238f8fc8c3e9b8b51b.jpg','9d5c427e618245238f8fc8c3e9b8b51b.jpg'),(34,15,'https://duckchinso.s3.ap-northeast-2.amazonaws.com/90dd2cab458c4090b10103eb016399b6.jpg','90dd2cab458c4090b10103eb016399b6.jpg'),(35,15,'https://duckchinso.s3.ap-northeast-2.amazonaws.com/2e7940916e974d1193d503c42c0522cb.jpg','2e7940916e974d1193d503c42c0522cb.jpg'),(36,15,'https://duckchinso.s3.ap-northeast-2.amazonaws.com/4741cb6d27fb4fb0b93a6c1b1a31c73e.jpg','4741cb6d27fb4fb0b93a6c1b1a31c73e.jpg'),(37,15,'https://duckchinso.s3.ap-northeast-2.amazonaws.com/b1c80f5b334740b69cdad002e34b170c.jpg','b1c80f5b334740b69cdad002e34b170c.jpg'),(38,16,'https://duckchinso.s3.ap-northeast-2.amazonaws.com/2e37336a37494ecc812efa1a2191cf0b.jpeg','2e37336a37494ecc812efa1a2191cf0b.jpeg'),(39,16,'https://duckchinso.s3.ap-northeast-2.amazonaws.com/9881597028d4469688eb9c59b3d1e579.gif','9881597028d4469688eb9c59b3d1e579.gif'),(40,16,'https://duckchinso.s3.ap-northeast-2.amazonaws.com/b7f66f23a7d2482290f5fe36192f5010.gif','b7f66f23a7d2482290f5fe36192f5010.gif'),(41,17,'https://duckchinso.s3.ap-northeast-2.amazonaws.com/d46cd209d01d48c8a6ff32eaeaca409c.jpg','d46cd209d01d48c8a6ff32eaeaca409c.jpg'),(42,17,'https://duckchinso.s3.ap-northeast-2.amazonaws.com/07724c5b14f14c1197b3267071223ce6.jpg','07724c5b14f14c1197b3267071223ce6.jpg'),(43,17,'https://duckchinso.s3.ap-northeast-2.amazonaws.com/ab23b7377ce3492ebc16155f5e5aae6b.jpg','ab23b7377ce3492ebc16155f5e5aae6b.jpg'),(44,18,'https://duckchinso.s3.ap-northeast-2.amazonaws.com/bd729c9e90ed40eaa83eef2fe7f4090c.jpg','bd729c9e90ed40eaa83eef2fe7f4090c.jpg'),(45,18,'https://duckchinso.s3.ap-northeast-2.amazonaws.com/87ae1c83ce374de7af21c7ec02ea082f.jpg','87ae1c83ce374de7af21c7ec02ea082f.jpg'),(46,18,'https://duckchinso.s3.ap-northeast-2.amazonaws.com/75dbb89c12bf4207abb1ca5bc9ac92e5.jpg','75dbb89c12bf4207abb1ca5bc9ac92e5.jpg'),(47,18,'https://duckchinso.s3.ap-northeast-2.amazonaws.com/33ae328a9bda42df914ab72e65524a33.jpg','33ae328a9bda42df914ab72e65524a33.jpg'),(48,18,'https://duckchinso.s3.ap-northeast-2.amazonaws.com/9db2194168fe447eb7c58a68841b5381.jpg','9db2194168fe447eb7c58a68841b5381.jpg'),(49,19,'https://duckchinso.s3.ap-northeast-2.amazonaws.com/84e3cea4e9624e989ffb041584e58223.jpg','84e3cea4e9624e989ffb041584e58223.jpg'),(50,19,'https://duckchinso.s3.ap-northeast-2.amazonaws.com/392354dec391446698ff9e1463ab0eb2.jpg','392354dec391446698ff9e1463ab0eb2.jpg'),(51,19,'https://duckchinso.s3.ap-northeast-2.amazonaws.com/53d9148ad22b43d49a8184b15e5a2e43.jpg','53d9148ad22b43d49a8184b15e5a2e43.jpg'),(52,19,'https://duckchinso.s3.ap-northeast-2.amazonaws.com/ee0590d98fdd47d0896250e58caf1fda.jpg','ee0590d98fdd47d0896250e58caf1fda.jpg'),(53,19,'https://duckchinso.s3.ap-northeast-2.amazonaws.com/ad683edf473a48ddbfb81022c77ad128.jpg','ad683edf473a48ddbfb81022c77ad128.jpg'),(54,19,'https://duckchinso.s3.ap-northeast-2.amazonaws.com/48c3182c62f84cdab1ac389e53697ade.jpg','48c3182c62f84cdab1ac389e53697ade.jpg'),(55,19,'https://duckchinso.s3.ap-northeast-2.amazonaws.com/5557642a0a2549a0a1d4b3fa928dba2f.jpg','5557642a0a2549a0a1d4b3fa928dba2f.jpg'),(56,20,'https://duckchinso.s3.ap-northeast-2.amazonaws.com/c3f20246056e4c9b83b9cfb3c48fa2be.jpg','c3f20246056e4c9b83b9cfb3c48fa2be.jpg'),(57,20,'https://duckchinso.s3.ap-northeast-2.amazonaws.com/cffd665854184169a9c2118d8c68f851.jpg','cffd665854184169a9c2118d8c68f851.jpg'),(58,21,'https://duckchinso.s3.ap-northeast-2.amazonaws.com/c35d6cf4c82c4202a5f676fdd0addb82.jpg','c35d6cf4c82c4202a5f676fdd0addb82.jpg'),(59,21,'https://duckchinso.s3.ap-northeast-2.amazonaws.com/40bc6e7b4ab743de871bb1abadcf5584.jpg','40bc6e7b4ab743de871bb1abadcf5584.jpg'),(60,22,'https://duckchinso.s3.ap-northeast-2.amazonaws.com/a94d597cd8374748a1b5d20df4cfdec2.jpg','a94d597cd8374748a1b5d20df4cfdec2.jpg'),(61,22,'https://duckchinso.s3.ap-northeast-2.amazonaws.com/ecf5ec9e69da4397b5cec680e4022544.jpg','ecf5ec9e69da4397b5cec680e4022544.jpg'),(62,22,'https://duckchinso.s3.ap-northeast-2.amazonaws.com/299e537c22a044d5b9bb1732cb64ae6b.jpg','299e537c22a044d5b9bb1732cb64ae6b.jpg'),(63,22,'https://duckchinso.s3.ap-northeast-2.amazonaws.com/9386e0419e244b4d9fb7af564f461225.jpg','9386e0419e244b4d9fb7af564f461225.jpg'),(64,22,'https://duckchinso.s3.ap-northeast-2.amazonaws.com/21f63adfb9f74e98a2f7f8cfa8b53136.jpg','21f63adfb9f74e98a2f7f8cfa8b53136.jpg'),(65,23,'https://duckchinso.s3.ap-northeast-2.amazonaws.com/836e40c626964cb2ba4ad947326c284d.jpg','836e40c626964cb2ba4ad947326c284d.jpg'),(66,23,'https://duckchinso.s3.ap-northeast-2.amazonaws.com/5498c50ccf434a5691e422e3d565e804.jpg','5498c50ccf434a5691e422e3d565e804.jpg'),(67,24,'https://duckchinso.s3.ap-northeast-2.amazonaws.com/75d8338866854f509f1a16e82670fb21.jpg','75d8338866854f509f1a16e82670fb21.jpg'),(68,25,'https://duckchinso.s3.ap-northeast-2.amazonaws.com/84e9d064c3b0450ab1467eadfd8b9bb3.jpeg','84e9d064c3b0450ab1467eadfd8b9bb3.jpeg'),(69,25,'https://duckchinso.s3.ap-northeast-2.amazonaws.com/8b9b6037cddb4d96b6eed89b05b3226a.jpeg','8b9b6037cddb4d96b6eed89b05b3226a.jpeg'),(70,26,'https://duckchinso.s3.ap-northeast-2.amazonaws.com/cfdbde0b8f314d08b235c45b9c6d417a.jpeg','cfdbde0b8f314d08b235c45b9c6d417a.jpeg'),(71,27,'https://duckchinso.s3.ap-northeast-2.amazonaws.com/0d7014b1d7974266a225f1f4a87e6616.gif','0d7014b1d7974266a225f1f4a87e6616.gif'),(72,28,'https://duckchinso.s3.ap-northeast-2.amazonaws.com/70cf2da0d7ff454cb12e661101075796.jpg','70cf2da0d7ff454cb12e661101075796.jpg'),(73,28,'https://duckchinso.s3.ap-northeast-2.amazonaws.com/2def4099592d4f66a33a37421bef8893.jpg','2def4099592d4f66a33a37421bef8893.jpg'),(74,28,'https://duckchinso.s3.ap-northeast-2.amazonaws.com/282f0f363a4549268a0e4f4a6fa8ed8c.jpg','282f0f363a4549268a0e4f4a6fa8ed8c.jpg'),(75,28,'https://duckchinso.s3.ap-northeast-2.amazonaws.com/3f9f4f92237d469ea5ce00ff0894561c.jpg','3f9f4f92237d469ea5ce00ff0894561c.jpg'),(76,28,'https://duckchinso.s3.ap-northeast-2.amazonaws.com/f332c721929d4fc78be0e2c22252ace6.jpg','f332c721929d4fc78be0e2c22252ace6.jpg'),(77,29,'https://duckchinso.s3.ap-northeast-2.amazonaws.com/1eb8deb5a19d4cf185af0ca9390e0a44.jpg','1eb8deb5a19d4cf185af0ca9390e0a44.jpg'),(78,29,'https://duckchinso.s3.ap-northeast-2.amazonaws.com/a99cce2ff997483ab7404341d0a3554e.jpg','a99cce2ff997483ab7404341d0a3554e.jpg'),(79,30,'https://duckchinso.s3.ap-northeast-2.amazonaws.com/de689ed5fffb462f99404c8501ba314f.jpg','de689ed5fffb462f99404c8501ba314f.jpg'),(80,30,'https://duckchinso.s3.ap-northeast-2.amazonaws.com/e1003facc4054021998acb730f7a989d.jpg','e1003facc4054021998acb730f7a989d.jpg'),(81,30,'https://duckchinso.s3.ap-northeast-2.amazonaws.com/cb94af90529448d79cbf5ace22e308d3.jpg','cb94af90529448d79cbf5ace22e308d3.jpg'),(82,30,'https://duckchinso.s3.ap-northeast-2.amazonaws.com/87e42e6b764e46b589cd2e5d66ccf39e.jpg','87e42e6b764e46b589cd2e5d66ccf39e.jpg'),(83,31,'https://duckchinso.s3.ap-northeast-2.amazonaws.com/0da0ef2189de4f43be6c2e0be4b72f5a.gif','0da0ef2189de4f43be6c2e0be4b72f5a.gif'),(84,32,'https://duckchinso.s3.ap-northeast-2.amazonaws.com/07a80e55fb7c48fd91ac17df7261947b.png','07a80e55fb7c48fd91ac17df7261947b.png'),(85,33,'https://duckchinso.s3.ap-northeast-2.amazonaws.com/29e7075553b141ae908b409b95e2148b.png','29e7075553b141ae908b409b95e2148b.png'),(86,34,'https://duckchinso.s3.ap-northeast-2.amazonaws.com/64636e0c5a9646a6b3c9e1c1ee351d31.png','64636e0c5a9646a6b3c9e1c1ee351d31.png'),(87,34,'https://duckchinso.s3.ap-northeast-2.amazonaws.com/f84831f485a94fe1b088e829128558fa.png','f84831f485a94fe1b088e829128558fa.png'),(88,34,'https://duckchinso.s3.ap-northeast-2.amazonaws.com/8b9c2d9869cc4c95a2b8aa9967781456.png','8b9c2d9869cc4c95a2b8aa9967781456.png'),(89,35,'https://duckchinso.s3.ap-northeast-2.amazonaws.com/eb019f1b657040068d238297b024f95d.gif','eb019f1b657040068d238297b024f95d.gif'),(90,36,'https://duckchinso.s3.ap-northeast-2.amazonaws.com/6088660f814e4e109d27d15656e163c8.png','6088660f814e4e109d27d15656e163c8.png'),(93,39,'https://duckchinso.s3.ap-northeast-2.amazonaws.com/7fafa5560f7a41f5bb8bbb79d4cb77bb.png','7fafa5560f7a41f5bb8bbb79d4cb77bb.png'),(98,41,'https://duckchinso.s3.ap-northeast-2.amazonaws.com/bdc4e32a44fb4699a9ac0b8f05e92266.jpeg','bdc4e32a44fb4699a9ac0b8f05e92266.jpeg'),(99,41,'https://duckchinso.s3.ap-northeast-2.amazonaws.com/534383c34ce14b9981588b602481eeb5.jpeg','534383c34ce14b9981588b602481eeb5.jpeg'),(100,41,'https://duckchinso.s3.ap-northeast-2.amazonaws.com/f4d4527d549a4b18a4b2a6226d99530c.jpeg','f4d4527d549a4b18a4b2a6226d99530c.jpeg'),(101,42,'https://duckchinso.s3.ap-northeast-2.amazonaws.com/9515893a98554bcabbaf4ff333b6b02d.gif','9515893a98554bcabbaf4ff333b6b02d.gif'),(102,43,'https://duckchinso.s3.ap-northeast-2.amazonaws.com/5d283856e23547da8a348ea02cb80ff0.jpg','5d283856e23547da8a348ea02cb80ff0.jpg'),(103,43,'https://duckchinso.s3.ap-northeast-2.amazonaws.com/ecb1b5e45bcd4a23abd0ee76e00c871b.jpg','ecb1b5e45bcd4a23abd0ee76e00c871b.jpg'),(104,43,'https://duckchinso.s3.ap-northeast-2.amazonaws.com/3e74fb2c7a154d489b4f62fc95c52575.jpg','3e74fb2c7a154d489b4f62fc95c52575.jpg'),(105,44,'https://duckchinso.s3.ap-northeast-2.amazonaws.com/948d42e48cac42d19fdf32c160016fe3.jpg','948d42e48cac42d19fdf32c160016fe3.jpg'),(106,45,'https://duckchinso.s3.ap-northeast-2.amazonaws.com/6da151fc70c94248bfe051a7c283cb17.jpg','6da151fc70c94248bfe051a7c283cb17.jpg'),(107,46,'https://duckchinso.s3.ap-northeast-2.amazonaws.com/86b974d2f2ac4628bad339032ccaf1d8.jpg','86b974d2f2ac4628bad339032ccaf1d8.jpg'),(108,47,'https://duckchinso.s3.ap-northeast-2.amazonaws.com/307b9d4eef86400dabafc59039a18059.jfif','307b9d4eef86400dabafc59039a18059.jfif'),(109,48,'https://duckchinso.s3.ap-northeast-2.amazonaws.com/f7018a9372a04385a50013889a24c6c9.jpg','f7018a9372a04385a50013889a24c6c9.jpg'),(110,48,'https://duckchinso.s3.ap-northeast-2.amazonaws.com/941f075a44c548b38e1243e90d835ae5.jpg','941f075a44c548b38e1243e90d835ae5.jpg'),(111,48,'https://duckchinso.s3.ap-northeast-2.amazonaws.com/6eaba1e790824e13a12263dafad5ac9a.jpg','6eaba1e790824e13a12263dafad5ac9a.jpg'),(112,48,'https://duckchinso.s3.ap-northeast-2.amazonaws.com/3f1dfa8b63f240e985a0775feb0a280a.jpg','3f1dfa8b63f240e985a0775feb0a280a.jpg'),(113,48,'https://duckchinso.s3.ap-northeast-2.amazonaws.com/b7acb42249bb4c51974d9b9049d47c29.jpg','b7acb42249bb4c51974d9b9049d47c29.jpg'),(114,49,'https://duckchinso.s3.ap-northeast-2.amazonaws.com/06c957627b4048ebbac20fa1c866f04c.png','06c957627b4048ebbac20fa1c866f04c.png'),(115,50,'https://duckchinso.s3.ap-northeast-2.amazonaws.com/da181721221f4e1083e0df4c0f77b8ad.gif','da181721221f4e1083e0df4c0f77b8ad.gif'),(116,50,'https://duckchinso.s3.ap-northeast-2.amazonaws.com/671403be3b5d48628db7bd74aba178b4.gif','671403be3b5d48628db7bd74aba178b4.gif'),(117,50,'https://duckchinso.s3.ap-northeast-2.amazonaws.com/9bea77ef7d7d49afbadcfbccca5fac47.jpg','9bea77ef7d7d49afbadcfbccca5fac47.jpg'),(118,50,'https://duckchinso.s3.ap-northeast-2.amazonaws.com/0c9f3ec3b9654143a62476e9e6199a68.gif','0c9f3ec3b9654143a62476e9e6199a68.gif'),(119,51,'https://duckchinso.s3.ap-northeast-2.amazonaws.com/bb48b5df84e24cc2947d5d0d9653f875.jpg','bb48b5df84e24cc2947d5d0d9653f875.jpg'),(120,52,'https://duckchinso.s3.ap-northeast-2.amazonaws.com/dbcef239cc78410b8a940760c9124ba7.jpg','dbcef239cc78410b8a940760c9124ba7.jpg'),(121,52,'https://duckchinso.s3.ap-northeast-2.amazonaws.com/5d179f9d2fa34aaba59307d6da5a6125.jpeg','5d179f9d2fa34aaba59307d6da5a6125.jpeg'),(122,52,'https://duckchinso.s3.ap-northeast-2.amazonaws.com/99ab13165b5a45b4ad55f871e6b1860b.jpeg','99ab13165b5a45b4ad55f871e6b1860b.jpeg'),(123,52,'https://duckchinso.s3.ap-northeast-2.amazonaws.com/16aa2934aa764807bc40b736eba79f63.jpeg','16aa2934aa764807bc40b736eba79f63.jpeg'),(124,53,'https://duckchinso.s3.ap-northeast-2.amazonaws.com/d4e1259160624c92bbd081f865b388ea.gif','d4e1259160624c92bbd081f865b388ea.gif'),(125,54,'https://duckchinso.s3.ap-northeast-2.amazonaws.com/61cd637af9a143e2a6c7b18494facf61.gif','61cd637af9a143e2a6c7b18494facf61.gif'),(126,55,'https://duckchinso.s3.ap-northeast-2.amazonaws.com/d38daefda0524d1bbc4da660a79510c0.gif','d38daefda0524d1bbc4da660a79510c0.gif'),(127,56,'https://duckchinso.s3.ap-northeast-2.amazonaws.com/7bf94b97a60640b98d0b86cf54a7b019.png','7bf94b97a60640b98d0b86cf54a7b019.png'),(128,56,'https://duckchinso.s3.ap-northeast-2.amazonaws.com/36d386ff38f84bfe8f88fcca7ac56abd.jpeg','36d386ff38f84bfe8f88fcca7ac56abd.jpeg'),(129,57,'https://duckchinso.s3.ap-northeast-2.amazonaws.com/2d290b1f920944d699ed5c43df66fbac.jpg','2d290b1f920944d699ed5c43df66fbac.jpg'),(130,57,'https://duckchinso.s3.ap-northeast-2.amazonaws.com/f6094d3e6e0d45ec848355f2d1d1c9de.jpg','f6094d3e6e0d45ec848355f2d1d1c9de.jpg'),(131,57,'https://duckchinso.s3.ap-northeast-2.amazonaws.com/671381a024794d0b8091fb6ee3845107.jpg','671381a024794d0b8091fb6ee3845107.jpg'),(132,57,'https://duckchinso.s3.ap-northeast-2.amazonaws.com/1e1ca7cab3284d429105027256d07426.jpg','1e1ca7cab3284d429105027256d07426.jpg'),(133,58,'https://duckchinso.s3.ap-northeast-2.amazonaws.com/ccbff5fe60344439a00f0b3707272dd4.JPG','ccbff5fe60344439a00f0b3707272dd4.JPG'),(134,58,'https://duckchinso.s3.ap-northeast-2.amazonaws.com/85b740369c174c2c8f2fd285cb63a9c6.JPG','85b740369c174c2c8f2fd285cb63a9c6.JPG'),(135,58,'https://duckchinso.s3.ap-northeast-2.amazonaws.com/463e1a219eb34f8d99f1660e6e7015a8.JPG','463e1a219eb34f8d99f1660e6e7015a8.JPG'),(136,58,'https://duckchinso.s3.ap-northeast-2.amazonaws.com/1bf15ee013c2474ca0b92d1120bfc635.JPG','1bf15ee013c2474ca0b92d1120bfc635.JPG'),(137,59,'https://duckchinso.s3.ap-northeast-2.amazonaws.com/94dc7c858a8c4e17b6ad046a98c762f8.JPG','94dc7c858a8c4e17b6ad046a98c762f8.JPG'),(138,59,'https://duckchinso.s3.ap-northeast-2.amazonaws.com/e511c34924ec45d8954821c076bbf789.JPG','e511c34924ec45d8954821c076bbf789.JPG'),(139,59,'https://duckchinso.s3.ap-northeast-2.amazonaws.com/27a014f9155f4ba897aeb53b333b81c6.JPG','27a014f9155f4ba897aeb53b333b81c6.JPG'),(140,59,'https://duckchinso.s3.ap-northeast-2.amazonaws.com/824ace75b25d40b2a1a3350d63f2377a.JPG','824ace75b25d40b2a1a3350d63f2377a.JPG'),(141,59,'https://duckchinso.s3.ap-northeast-2.amazonaws.com/4297a2a46f0b479f935ebf9d4a2ef6a0.JPG','4297a2a46f0b479f935ebf9d4a2ef6a0.JPG'),(142,59,'https://duckchinso.s3.ap-northeast-2.amazonaws.com/31cdc1f870474932acfe59327d5e7377.JPG','31cdc1f870474932acfe59327d5e7377.JPG');
/*!40000 ALTER TABLE `file_info` ENABLE KEYS */;
UNLOCK TABLES;

--
-- Table structure for table `file_profile`
--

DROP TABLE IF EXISTS `file_profile`;
/*!40101 SET @saved_cs_client     = @@character_set_client */;
/*!50503 SET character_set_client = utf8mb4 */;
CREATE TABLE `file_profile` (
  `file_id` int unsigned NOT NULL AUTO_INCREMENT,
  `user_id` int unsigned NOT NULL,
  `file_url` varchar(100) DEFAULT NULL,
  `file_name` varchar(50) DEFAULT NULL,
  PRIMARY KEY (`file_id`),
  KEY `file_profile_user_id_fk_idx` (`user_id`),
  CONSTRAINT `file_info_user_id_fk` FOREIGN KEY (`user_id`) REFERENCES `user` (`user_id`)
) ENGINE=InnoDB AUTO_INCREMENT=42 DEFAULT CHARSET=utf8mb4 COLLATE=utf8mb4_0900_ai_ci;
/*!40101 SET character_set_client = @saved_cs_client */;

--
-- Dumping data for table `file_profile`
--

LOCK TABLES `file_profile` WRITE;
/*!40000 ALTER TABLE `file_profile` DISABLE KEYS */;
INSERT INTO `file_profile` VALUES (16,4,'https://duckchinso.s3.ap-northeast-2.amazonaws.com/cf4d0d7391e5475c88db16c183c66cfb.jpg','cf4d0d7391e5475c88db16c183c66cfb.jpg'),(17,3,'https://duckchinso.s3.ap-northeast-2.amazonaws.com/9573135065ad4e05ad6b8d04fb2d79f5.png','9573135065ad4e05ad6b8d04fb2d79f5.png'),(19,6,'https://duckchinso.s3.ap-northeast-2.amazonaws.com/335aa7b5c5c1441a8bdbd0079c7276df.jpg','335aa7b5c5c1441a8bdbd0079c7276df.jpg'),(27,5,'https://duckchinso.s3.ap-northeast-2.amazonaws.com/daf19732e6ac4df689ce2f651a4d780b.jfif','daf19732e6ac4df689ce2f651a4d780b.jfif'),(28,8,'https://duckchinso.s3.ap-northeast-2.amazonaws.com/3d3fe5c14d1f46f2b3a1d9af7c29179d.jfif','3d3fe5c14d1f46f2b3a1d9af7c29179d.jfif'),(29,10,'https://duckchinso.s3.ap-northeast-2.amazonaws.com/0aabe236c3be42089c0402e847acc283.jpeg','0aabe236c3be42089c0402e847acc283.jpeg'),(30,9,'https://duckchinso.s3.ap-northeast-2.amazonaws.com/6dee60926cc346919afcfbf833cbfb2d.jpg','6dee60926cc346919afcfbf833cbfb2d.jpg'),(34,15,'https://duckchinso.s3.ap-northeast-2.amazonaws.com/333d6c80baab447eb5c3ddee5a8249c4.jpg','333d6c80baab447eb5c3ddee5a8249c4.jpg'),(36,16,'https://duckchinso.s3.ap-northeast-2.amazonaws.com/2e3e6211c30e416ebce45e9e921aea44.gif','2e3e6211c30e416ebce45e9e921aea44.gif'),(38,2,'https://duckchinso.s3.ap-northeast-2.amazonaws.com/d5219c1c6ccf4f7583702246517401b8.jpg','d5219c1c6ccf4f7583702246517401b8.jpg'),(39,14,'https://duckchinso.s3.ap-northeast-2.amazonaws.com/67d717745462483aaa1c6d0b1e6fac1f.webp','67d717745462483aaa1c6d0b1e6fac1f.webp'),(41,7,'https://duckchinso.s3.ap-northeast-2.amazonaws.com/70c5253532db4482b36a149764aa276b.jpg','70c5253532db4482b36a149764aa276b.jpg');
/*!40000 ALTER TABLE `file_profile` ENABLE KEYS */;
UNLOCK TABLES;

--
-- Table structure for table `follow`
--

DROP TABLE IF EXISTS `follow`;
/*!40101 SET @saved_cs_client     = @@character_set_client */;
/*!50503 SET character_set_client = utf8mb4 */;
CREATE TABLE `follow` (
  `follow_id` int unsigned NOT NULL AUTO_INCREMENT,
  `from_user_id` int unsigned NOT NULL,
  `to_user_id` int unsigned NOT NULL,
  PRIMARY KEY (`follow_id`)
) ENGINE=InnoDB AUTO_INCREMENT=73 DEFAULT CHARSET=utf8mb4 COLLATE=utf8mb4_0900_ai_ci;
/*!40101 SET character_set_client = @saved_cs_client */;

--
-- Dumping data for table `follow`
--

LOCK TABLES `follow` WRITE;
/*!40000 ALTER TABLE `follow` DISABLE KEYS */;
INSERT INTO `follow` VALUES (1,2,3),(3,4,3),(4,3,4),(5,5,3),(6,5,2),(7,5,4),(8,6,3),(9,6,2),(12,2,6),(13,2,4),(14,2,5),(15,4,5),(16,4,6),(17,4,2),(18,5,6),(19,8,6),(20,8,2),(21,8,4),(22,8,3),(23,8,7),(24,4,8),(25,8,5),(26,7,2),(27,7,3),(28,7,5),(29,7,8),(30,10,6),(31,9,4),(32,9,3),(33,9,5),(34,9,6),(35,9,2),(36,9,8),(37,4,9),(38,7,6),(39,10,2),(40,10,3),(41,10,5),(42,10,4),(43,10,8),(44,10,7),(45,10,9),(46,2,10),(47,2,8),(48,2,7),(49,2,9),(50,6,7),(51,7,4),(52,7,10),(53,7,9),(54,4,7),(55,4,10),(56,13,4),(57,14,4),(58,3,2),(59,3,6),(60,3,5),(61,3,7),(62,3,8),(63,3,10),(64,3,9),(65,6,16),(66,2,16),(67,4,16),(68,3,16),(69,6,4),(70,6,5),(71,6,9),(72,17,2);
/*!40000 ALTER TABLE `follow` ENABLE KEYS */;
UNLOCK TABLES;

--
-- Table structure for table `message`
--

DROP TABLE IF EXISTS `message`;
/*!40101 SET @saved_cs_client     = @@character_set_client */;
/*!50503 SET character_set_client = utf8mb4 */;
CREATE TABLE `message` (
  `message_id` int unsigned NOT NULL AUTO_INCREMENT,
  `chat_id` int unsigned NOT NULL,
  `user_id` int unsigned NOT NULL,
  `contents` varchar(100) DEFAULT NULL,
  `send_time` timestamp NULL DEFAULT CURRENT_TIMESTAMP,
  PRIMARY KEY (`message_id`)
) ENGINE=InnoDB DEFAULT CHARSET=utf8mb4 COLLATE=utf8mb4_0900_ai_ci;
/*!40101 SET character_set_client = @saved_cs_client */;

--
-- Dumping data for table `message`
--

LOCK TABLES `message` WRITE;
/*!40000 ALTER TABLE `message` DISABLE KEYS */;
/*!40000 ALTER TABLE `message` ENABLE KEYS */;
UNLOCK TABLES;

--
-- Table structure for table `user`
--

DROP TABLE IF EXISTS `user`;
/*!40101 SET @saved_cs_client     = @@character_set_client */;
/*!50503 SET character_set_client = utf8mb4 */;
CREATE TABLE `user` (
  `user_id` int unsigned NOT NULL AUTO_INCREMENT,
  `email` varchar(30) NOT NULL,
  `password` varchar(20) NOT NULL,
  `nickname` varchar(20) NOT NULL,
  `bio` varchar(20) DEFAULT NULL,
  `sign_up_date` timestamp NULL DEFAULT CURRENT_TIMESTAMP,
  PRIMARY KEY (`user_id`),
  UNIQUE KEY `email` (`email`)
) ENGINE=InnoDB AUTO_INCREMENT=18 DEFAULT CHARSET=utf8mb4 COLLATE=utf8mb4_0900_ai_ci;
/*!40101 SET character_set_client = @saved_cs_client */;

--
-- Dumping data for table `user`
--

LOCK TABLES `user` WRITE;
/*!40000 ALTER TABLE `user` DISABLE KEYS */;
INSERT INTO `user` VALUES (1,'string','string','59734',NULL,'2022-02-17 13:47:06'),(2,'nana@naver.com','nana123!','MYBOYS','사랑해요~ 이 한마디ㅎㅎ','2022-02-17 13:52:01'),(3,'fe11@naver.com','tkvl123!','대장오리','꽦꽥ㄱㄱㄱ','2022-02-17 13:52:55'),(4,'admin@admin.com','!admin1234','룰루','엥?Siri','2022-02-17 13:53:06'),(5,'fe22@naver.com','tkvl123!','지용마눌','결혼하자 권지용!!!','2022-02-17 14:02:36'),(6,'da@da.da','dada11!!','다알리아','다 알려주는 다알리아♥️','2022-02-17 14:16:33'),(7,'ssafy@ssafy.com','ssafy123!!','자몽슈아','자몽보다 더 자몽같은 너...♥','2022-02-17 14:19:16'),(8,'fe33@naver.com','tkvl123!','정한마눌','업자의심 그만 좀 하세요','2022-02-17 14:34:03'),(9,'test2@test.com','!test1234','수zy','수지언니 사랑해요♥','2022-02-17 14:46:13'),(10,'fe44@naver.com','tkvl123!','LA왕주먹홍','홍조슈아지수','2022-02-17 14:46:33'),(11,'string@string.com','string1234!','93996',NULL,'2022-02-17 16:22:00'),(12,'test@naver.com','test1234!','75278',NULL,'2022-02-17 16:40:09'),(13,'test2@naver.com','aaaa1234!','85056',NULL,'2022-02-17 17:30:00'),(14,'test3@test.com','aaaa1234!','testman','테스트입니다!','2022-02-17 19:49:02'),(15,'wanna@naver.com','wanna123!','황애옹','사막여우와 고양이 그 사이 어디쯤','2022-02-17 22:14:41'),(16,'jywife@a.com','123qweasd@','이주연뽑뽀','입술 훔쳤삼요','2022-02-18 01:34:40'),(17,'pinkblood@naver.com','smsm123!','99430',NULL,'2022-02-18 10:36:30');
/*!40000 ALTER TABLE `user` ENABLE KEYS */;
UNLOCK TABLES;
/*!40103 SET TIME_ZONE=@OLD_TIME_ZONE */;

/*!40101 SET SQL_MODE=@OLD_SQL_MODE */;
/*!40014 SET FOREIGN_KEY_CHECKS=@OLD_FOREIGN_KEY_CHECKS */;
/*!40014 SET UNIQUE_CHECKS=@OLD_UNIQUE_CHECKS */;
/*!40101 SET CHARACTER_SET_CLIENT=@OLD_CHARACTER_SET_CLIENT */;
/*!40101 SET CHARACTER_SET_RESULTS=@OLD_CHARACTER_SET_RESULTS */;
/*!40101 SET COLLATION_CONNECTION=@OLD_COLLATION_CONNECTION */;
/*!40111 SET SQL_NOTES=@OLD_SQL_NOTES */;

-- Dump completed on 2022-02-18  3:03:23
